customer_name,email,signup_date
Ashley Reed,susan33@example.com,2024-08-17
Ian Thompson,wrightadrian@example.org,2024-10-12
Bradley Campbell,asmith@example.com,2025-04-24
Donald Kelly,sharon63@example.com,2025-03-17
Thomas Nichols,ijohnson@example.net,2024-10-18
Gordon Peterson,caseashley@example.net,2024-12-07
Tyler Johnson,hcastro@example.org,2024-02-29
Robert Bryant,vazquezlogan@example.com,2024-12-11
Adam Rogers,chad01@example.org,2025-12-10
Matthew Ray,cdavidson@example.net,2025-02-24
Jose Olson,daniel98@example.net,2025-01-25
Charles Sutton,ihall@example.org,2025-07-14
Jessica Aguilar,richardthomas@example.org,2024-01-29
Austin Cole,jason97@example.net,2024-04-05
Jonathan Schultz,ewallace@example.com,2024-10-06
John Benitez,stacy60@example.org,2024-08-12
Daniel Rodriguez,john53@example.com,2025-04-16
Vanessa Washington,joshuarogers@example.net,2024-10-05
Pamela Ware,carlos45@example.com,2024-11-13
Richard Kelly,daniel74@example.org,2025-08-16
Lisa Hudson,thomasrobertson@example.com,2024-02-08
Teresa Potts,nichole73@example.net,2024-07-07
Caitlyn White,shannon49@example.com,2025-05-13
Chelsea Chang,peterlawrence@example.net,2025-05-11
Albert Weaver,wyattcathy@example.com,2025-10-28
Denise Brown,curtis63@example.org,2025-10-09
Rebekah Ramirez,arnoldjennifer@example.org,2025-05-15
Robert Patterson,ritaspencer@example.com,2024-12-28
Dustin Dawson,nicholasturner@example.com,2024-05-29
Leah Reynolds,sburton@example.net,2024-04-09
Peter Sanchez,jonathon88@example.com,2025-04-29
Shannon Perkins,jeremypierce@example.net,2025-09-03
Sandra Jackson,scottcoleman@example.net,2024-05-07
Brendan Williams,bellkyle@example.org,2025-07-08
James Parsons,rmeyer@example.com,2025-03-28
Laura Romero,dwagner@example.org,2024-07-09
David Pittman,taylormichelle@example.net,2024-03-28
Miss Robin May,brittany50@example.com,2024-08-03
Ashley Kim,johnsonjames@example.net,2024-05-01
Kelly Carson,hubbardtina@example.net,2024-07-26
Marcus Murphy,gillbeth@example.com,2024-08-26
Clinton Herman,jasonreese@example.net,2024-07-12
Tracy Riley,rlee@example.com,2024-12-02
Jennifer Martinez,elizabethwiggins@example.org,2024-11-22
Sandra Moore,erodriguez@example.net,2024-02-14
Rachel Clay,christopherbrown@example.net,2026-01-01
Carol Johnson,aaron25@example.com,2025-12-19
Sheila Smith,tdaniel@example.com,2024-06-16
Jorge Lee,gford@example.com,2025-01-04
Frank Nicholson,jacoblee@example.net,2024-09-12
Angelica Dorsey,michelerobinson@example.com,2024-08-15
Derek Hayes,tinawilliams@example.org,2025-08-16
Susan Shepard,lisa49@example.net,2024-02-29
Peter Cox,lindsay91@example.com,2025-09-28
Mark Williams,dianacunningham@example.net,2024-03-28
Jacob Munoz,robert17@example.org,2024-09-26
Savannah Wall,wboyle@example.com,2024-10-22
Mrs. Elizabeth Williams,hullcharles@example.org,2024-03-20
Danielle White,martin54@example.org,2024-07-18
Keith Stone,thomas60@example.net,2024-01-24
Ashley Williams,caldwellwesley@example.org,2025-04-23
Laura Mcdonald,tammypaul@example.org,2025-10-23
Alicia Rowe,tmitchell@example.net,2025-03-03
David Anderson,qjones@example.org,2025-04-06
Sabrina Higgins,michael51@example.org,2025-06-25
Raymond Lowe,jenna50@example.com,2025-05-11
Joshua Garner,vfernandez@example.org,2025-10-02
Nicole Allen,zacharybaker@example.com,2025-02-07
Vanessa Johnson,amywood@example.net,2024-05-26
Daniel Alexander,mary56@example.com,2024-06-11
Joshua Black,roylewis@example.com,2025-04-14
David Cobb,peter59@example.com,2024-07-30
Charlene Bray,abeck@example.com,2024-10-11
Kimberly Lopez,gabrielvaughn@example.com,2025-06-01
Christopher Curtis,jasonlam@example.net,2025-05-10
Audrey Alexander,rhernandez@example.com,2025-04-07
Kristen Gonzalez,kristen46@example.net,2024-12-30
Clayton Fisher,vorr@example.com,2025-03-24
Timothy Arellano,taylor96@example.com,2024-12-08
Michael Barnes,marydavis@example.com,2025-10-16
Christopher Garrison,lydia79@example.net,2025-02-09
Olivia Wood,randy91@example.com,2025-01-06
Dr. Brian Bentley,mattheworr@example.net,2024-12-23
Sean Campbell,sfoster@example.net,2024-12-29
Tanya Palmer,howelltina@example.com,2024-04-07
Kristie Diaz,larry16@example.net,2024-04-01
Holly Smith,phillipalexander@example.com,2024-06-20
Allison Pitts,mccarthyyvonne@example.net,2025-06-16
Samantha Brennan,xjohnson@example.net,2024-10-01
James Williams,rebeccagates@example.com,2025-06-12
Jason Mendoza,denisecurtis@example.org,2025-02-22
Rachel Burton,kimberlywatson@example.com,2025-09-05
Kendra Mendoza,patrick82@example.org,2025-01-03
Justin English,heidiwood@example.org,2025-01-24
Stephanie Patterson,montoyaronald@example.org,2025-07-02
Nicholas Le,zacharylewis@example.net,2024-02-20
Julie Mendoza,powelljason@example.net,2024-11-22
Natasha Smith,williamserica@example.com,2025-03-10
Stephanie Sanders,vparrish@example.org,2025-03-19
Jonathan Smith,vmendez@example.com,2024-03-16
Jamie Powell,along@example.net,2024-09-09
Scott Parker,robert52@example.net,2025-04-01
Taylor Espinoza,stephen44@example.com,2025-04-11
Taylor Williams,vali@example.org,2024-09-24
Michael Mullins,raymondallen@example.org,2024-12-17
Christopher Adams,nflowers@example.net,2024-08-23
James Harris,steve12@example.com,2025-12-24
Willie Blanchard,tyler59@example.org,2025-07-10
Ethan Sandoval,martinjeffrey@example.net,2024-12-12
Karen Griffin,collinsseth@example.org,2025-02-09
Brittany Smith,singram@example.net,2025-02-08
Louis Mosley,kaylahardin@example.net,2025-12-26
Justin Landry,taylorjames@example.org,2025-03-05
Keith Castro,donnawhite@example.com,2025-02-07
Michelle Sims,qguzman@example.com,2025-01-11
Sandra Rodriguez,rodriguezcharles@example.net,2026-01-08
Gwendolyn Ramirez,briansmith@example.org,2024-02-24
Ruben Allen,michaeltaylor@example.com,2024-04-29
Donna Jimenez,edwardscarlos@example.org,2025-01-24
Marvin Roberts,thernandez@example.org,2024-06-01
Austin Boone,rharrington@example.com,2024-06-29
Vicki Garcia,hannahmonroe@example.org,2025-01-02
Justin Foster,wmartinez@example.org,2025-10-02
Tina Black,jstevens@example.org,2025-04-18
Timothy Baker,laura90@example.com,2025-08-12
Kelly Howard,operkins@example.net,2024-07-30
Michael Gonzalez,vargaschristopher@example.net,2025-04-01
Joseph Willis,kevin13@example.com,2025-01-10
Annette Lucas,angeladavis@example.org,2025-05-16
Lisa Gonzales,megan81@example.org,2025-01-06
Amanda Mitchell,annmercado@example.net,2025-05-28
Lindsay Johnson,karenlarson@example.com,2025-07-05
Dr. Wayne Potts,karenzhang@example.org,2025-09-25
Brian Miller,fknapp@example.net,2024-06-07
Sharon Martinez,bethgreene@example.com,2024-02-22
Debra Delacruz,rodney70@example.com,2024-12-24
Carol Taylor,edwardleonard@example.org,2025-01-12
Heidi Lin,wgarza@example.org,2024-05-28
Justin Hudson,bobbydavis@example.org,2024-11-19
Kayla Montgomery,mary17@example.net,2025-02-07
Paige Fuentes,patrickcowan@example.org,2025-01-13
Kimberly Douglas,brownjason@example.net,2025-10-04
Sandra Valencia,michaelknox@example.com,2024-04-21
Sharon Dean,kvelez@example.org,2024-09-11
Travis Smith,cooperrussell@example.com,2024-11-05
Russell Willis,chelseamitchell@example.com,2024-04-26
Kathryn Santos,chadking@example.org,2024-10-17
Amber Washington,harrysanchez@example.net,2024-05-06
Jesus Cooper,jason30@example.com,2024-06-13
George Reid,davidwatkins@example.org,2024-09-21
Carl Wallace,williamsjason@example.com,2024-07-22
Joshua Jones,barrbrian@example.com,2025-09-22
Maria Sexton,colekenneth@example.net,2025-05-10
Aaron Saunders,alyssa22@example.com,2024-11-22
Eric Taylor,adamslisa@example.org,2025-11-15
Janet Montoya,barajasdylan@example.org,2025-07-27
Connie Jones,codyguzman@example.net,2025-02-20
Zachary Anderson,laurie61@example.com,2025-05-13
Kimberly Taylor,jimmyholt@example.com,2025-11-24
Margaret Smith,flewis@example.org,2024-02-25
Douglas Davenport,roachrenee@example.org,2025-01-30
Megan Rodriguez,debraford@example.org,2024-03-01
April Tran,wavery@example.org,2025-12-27
Brandon Kennedy,williamsteresa@example.com,2024-07-29
Jeffrey Lloyd,sanderschristopher@example.org,2025-04-05
Karen Bauer,qstone@example.com,2025-09-15
George Herrera,paige86@example.com,2025-05-21
Katie Rose,wmartinez@example.net,2024-10-31
Nicole Aguirre,iwright@example.net,2025-12-27
Evan Saunders,zbentley@example.org,2025-06-08
Michelle Perry,enelson@example.net,2025-08-19
Ashley Campbell,jlopez@example.net,2025-11-10
Jennifer Anderson,alicia79@example.com,2024-12-01
Sheila Jones,tylerbean@example.net,2025-11-09
Lauren Rivera,victoria90@example.com,2025-10-01
Robin Lester,ispencer@example.com,2024-01-21
Darrell Forbes,briggsjennifer@example.net,2024-06-26
David Perez,ocampbell@example.net,2024-11-15
Michelle Fitzpatrick,dbrown@example.net,2025-11-15
Stephanie Barton,ruizronald@example.net,2024-09-07
Amanda Simmons,smithwilliam@example.net,2025-09-11
Amy Young,jbrady@example.net,2024-11-15
Michelle Carter,markjones@example.com,2025-01-03
Christopher Osborne,scottkelly@example.org,2025-02-13
Jenna Ramirez,paulmejia@example.net,2024-01-26
Paul Durham,katherine38@example.net,2025-09-04
Ronnie Graham,melissa24@example.com,2024-02-06
William Snyder,petersenjacqueline@example.net,2024-12-24
Terry Miller,brittanyrobles@example.org,2024-06-16
Elizabeth Reynolds,averyjamie@example.org,2025-04-05
Thomas Brown,lcook@example.net,2024-04-25
Michelle Roberts,connerbenjamin@example.org,2026-01-01
Michael Frank,jeremy23@example.com,2024-04-16
Michael Gilmore,birdbenjamin@example.com,2025-04-13
Javier Perez,yvonne03@example.com,2024-11-26
Alfred Greene,john10@example.org,2025-03-27
Shawn Green,volson@example.net,2025-08-27
Dustin Nelson,david91@example.org,2025-07-09
Robert Galloway,leahthompson@example.net,2025-01-04
Mark Smith,frichardson@example.net,2025-10-22
Chelsea James,lewisbelinda@example.org,2024-02-19
Kelly Newton,angelaanderson@example.org,2025-09-07
Evelyn Colon,susan89@example.com,2024-11-01
Katie Ortiz,jessemitchell@example.org,2025-10-11
John Holloway,nicole66@example.com,2025-10-31
James Hester,yanthony@example.org,2024-04-21
Deanna Lawson,michelle56@example.net,2024-09-13
Chad Turner,yangalexis@example.org,2024-10-19
Crystal Hooper,williambass@example.net,2024-12-31
Calvin Anderson,arobertson@example.net,2024-06-15
Alicia Miller,cruzcatherine@example.com,2025-12-30
Matthew Rose,sjohnson@example.org,2025-12-21
Timothy Liu,susan57@example.net,2024-04-21
Anna Brady,mollyperez@example.org,2025-06-17
Matthew Love,alexis36@example.com,2024-11-30
Melissa Anderson,myersvirginia@example.net,2024-02-16
David Dixon,xgeorge@example.com,2024-06-15
Miss Pamela Wagner,myerseddie@example.net,2024-04-13
Roger Jones,jared07@example.org,2025-11-28
Shirley Hill,phillipsjason@example.net,2025-03-21
Bethany Roberts,cindyfisher@example.com,2025-06-18
Tara Brown,albertscott@example.com,2025-11-21
Amanda Walton,danielperez@example.org,2025-11-20
Steven Hughes,katherinemeyers@example.com,2025-06-29
Micheal Mcdowell,xthomas@example.org,2024-03-30
Natalie Miller,mitchellkenneth@example.com,2025-09-09
Jennifer Oliver,tlara@example.org,2024-03-18
Jacob Smith,meganpena@example.net,2025-08-06
Robert Randall,gcarter@example.org,2025-08-11
Crystal Smith,ggutierrez@example.net,2024-07-24
Juan Campos,jason68@example.org,2024-09-15
Thomas Morgan,ariasbrittany@example.org,2025-05-12
Barbara Harris,lawrence92@example.org,2025-07-10
Ann Shelton,lauranguyen@example.com,2025-09-05
Steven Baker,jeremiah34@example.com,2024-06-10
Alexandra Smith,chavezjose@example.net,2025-01-21
David Lawson,randyharding@example.net,2025-01-31
Linda Schmidt,bdillon@example.net,2024-09-02
Heidi Mcdaniel,kimberlymartinez@example.org,2025-02-05
Luis Larson,ohughes@example.com,2026-01-08
Christopher Maldonado,larrypatrick@example.com,2025-02-20
Christopher Kelley,brianpope@example.org,2025-04-17
Steven Patel Jr.,donald72@example.net,2024-02-20
Carolyn Spencer,lucerojason@example.org,2024-01-15
Barry Scott,kreyes@example.net,2025-11-14
Patricia Martin,nataliecook@example.org,2024-07-07
Mr. Timothy Lara,dennis59@example.org,2024-06-22
Christopher Morris,daniel63@example.com,2025-07-17
Tracy Santos DVM,schultzjeremy@example.com,2025-07-25
Jessica Chen,davidmorris@example.net,2024-10-30
Lori Goodwin,cunninghamsean@example.org,2025-10-31
Mr. Brandon Silva,ericchavez@example.org,2025-01-24
Tyler Potts,oshaw@example.net,2025-04-20
Rebecca Adams,stephanie49@example.com,2025-03-30
Stuart Clarke,briggskaren@example.net,2024-01-14
Cindy Hughes,vschneider@example.net,2025-01-16
Craig Rice,brendabecker@example.net,2025-08-23
Johnny Sellers,kenneth85@example.net,2024-11-26
Christina Moore,ppatel@example.org,2024-03-19
Emily Johnson,harrisbradley@example.com,2025-07-04
Kenneth Charles,oyoung@example.org,2024-03-25
Karen Jones,kayla59@example.org,2024-10-23
Joseph Harris,millerwilliam@example.net,2024-06-29
Cindy Skinner,danielle97@example.net,2025-04-21
Shane Anderson,williamschristy@example.com,2024-03-03
Joshua Dennis,gomezjohn@example.net,2024-11-03
Savannah Rodgers,uhardy@example.com,2024-03-07
Matthew Santana,qhernandez@example.net,2025-02-11
Alexander Hernandez,nguyenmichael@example.com,2025-02-04
Elizabeth Santos,pinedaeric@example.net,2025-12-17
John Porter,rmosley@example.net,2025-02-17
Jacob Maldonado,zklein@example.org,2025-04-22
Cindy Mcclain,ycochran@example.net,2024-11-12
Diana Gardner,sbauer@example.com,2024-12-31
Mr. Frank Thomas,rachel11@example.org,2024-01-17
Carol Fletcher,fwarren@example.com,2024-08-02
Andrew Murray,sarahpena@example.net,2024-10-06
John Herman,griffinluis@example.com,2024-04-20
Richard Parker,lisamolina@example.net,2025-05-23
Janet Pierce,kochmichelle@example.com,2024-07-30
Steven Cunningham,hickmanpamela@example.net,2025-05-11
Shelby Torres,rjarvis@example.com,2025-11-13
Sara Saunders,michaelwilson@example.org,2026-01-06
Briana Hughes,carternatalie@example.com,2024-12-18
Andrew Cain,sandersanthony@example.net,2024-07-09
Amber Morgan,longjonathan@example.org,2024-07-15
Mario Simpson,craigcole@example.net,2024-12-22
Jonathan Johnson,nvillarreal@example.com,2025-08-24
Samantha Martin,brownjulie@example.com,2024-04-06
Mark Carpenter,grantbenjamin@example.org,2025-07-22
Barbara Gomez,jeremywalters@example.org,2025-01-04
Jeffrey Lopez,iobrien@example.net,2025-08-27
Erika Charles,pwilson@example.org,2024-12-15
Michael Moran,gutierrezjames@example.com,2024-01-13
Karina Walker,zchambers@example.org,2024-02-12
Brittany Black,morgan79@example.org,2025-03-23
Jeffrey Ward,davidcrawford@example.org,2025-03-31
Christopher Walker,cobbstephen@example.org,2024-02-12
Katherine Smith,carrsherry@example.net,2024-10-01
Suzanne Everett,jmerritt@example.org,2024-04-04
