order_id,customer_id,order_date,total_amount
1,17,2026-01-11,1807.5
2,269,2026-01-11,2920.54
3,283,2026-01-11,4618.97
4,204,2026-01-11,2861.0099999999998
5,255,2026-01-11,5433.469999999999
6,110,2026-01-11,2113.92
7,247,2026-01-11,1023.59
8,16,2026-01-11,1038.95
9,209,2026-01-11,4177.4400000000005
10,26,2026-01-11,3598.59
11,262,2026-01-11,3349.3100000000004
12,32,2026-01-11,1641.65
13,224,2026-01-11,2161.9300000000003
14,111,2026-01-11,2917.84
15,271,2026-01-11,3068.41
16,46,2026-01-11,2678.21
17,215,2026-01-11,688.66
18,275,2026-01-11,4592.29
19,297,2026-01-11,886.7
20,259,2026-01-11,4083.4300000000003
21,32,2026-01-11,3436.24
22,225,2026-01-11,2665.04
23,64,2026-01-11,2331.55
24,37,2026-01-11,3634.6800000000003
25,293,2026-01-11,653.4
26,154,2026-01-11,108.09
27,263,2026-01-11,942.6099999999999
28,138,2026-01-11,4390.86
29,228,2026-01-11,2560.87
30,163,2026-01-11,2199.12
31,41,2026-01-11,4668.13
32,94,2026-01-11,1022.64
33,148,2026-01-11,1012.4099999999999
34,50,2026-01-11,1381.8799999999999
35,118,2026-01-11,3333.3199999999997
36,36,2026-01-11,5290.12
37,300,2026-01-11,1801.43
38,184,2026-01-11,5397.42
39,238,2026-01-11,2110.0699999999997
40,232,2026-01-11,4160.92
41,150,2026-01-11,1251.73
42,185,2026-01-11,3199.4100000000003
43,105,2026-01-11,4153.349999999999
44,151,2026-01-11,2817.5
45,241,2026-01-11,3259.88
46,43,2026-01-11,2171.71
47,196,2026-01-11,281.55
48,252,2026-01-11,3958.21
49,157,2026-01-11,2188.51
50,167,2026-01-11,3080.81
51,263,2026-01-11,1980.36
52,236,2026-01-11,1287.32
53,105,2026-01-11,4744.21
54,172,2026-01-11,1777.0500000000002
55,237,2026-01-11,3358.81
56,236,2026-01-11,796.56
57,87,2026-01-11,983.27
58,174,2026-01-11,841.79
59,79,2026-01-11,403.88
60,172,2026-01-11,2157.54
61,79,2026-01-11,4106.4800000000005
62,213,2026-01-11,2262.19
63,201,2026-01-11,2057.54
64,72,2026-01-11,29.08
65,77,2026-01-11,1117.6399999999999
66,240,2026-01-11,114.74000000000001
67,264,2026-01-11,2651.32
68,120,2026-01-11,937.78
69,236,2026-01-11,4808.41
70,105,2026-01-11,5724.59
71,55,2026-01-11,2907.8599999999997
72,224,2026-01-11,1405.1100000000001
73,223,2026-01-11,4735.76
74,105,2026-01-11,4916.21
75,135,2026-01-11,1386.03
76,41,2026-01-11,4891.39
77,100,2026-01-11,2123.06
78,30,2026-01-11,767.36
79,30,2026-01-11,309.21
80,160,2026-01-11,620.08
81,18,2026-01-11,800.92
82,246,2026-01-11,2884.4399999999996
83,287,2026-01-11,1853.41
84,91,2026-01-11,402.07
85,264,2026-01-11,1601.84
86,128,2026-01-11,1855.07
87,146,2026-01-11,834.1500000000001
88,117,2026-01-11,2270.6
89,76,2026-01-11,449.92
90,115,2026-01-11,2088.42
91,262,2026-01-11,3061.59
92,16,2026-01-11,6197.34
93,205,2026-01-11,3451.6400000000003
94,69,2026-01-11,195.59
95,173,2026-01-11,763.92
96,56,2026-01-11,3898.95
97,130,2026-01-11,3114.8100000000004
98,85,2026-01-11,3254.6099999999997
99,225,2026-01-11,1442.52
100,52,2026-01-11,5248.799999999999
101,176,2026-01-11,2749.07
102,237,2026-01-11,2725.78
103,282,2026-01-11,6263.93
104,154,2026-01-11,2356.95
105,55,2026-01-11,1150.33
106,182,2026-01-11,3586.16
107,77,2026-01-11,5794.0
108,142,2026-01-11,3235.9799999999996
109,215,2026-01-11,2476.25
110,222,2026-01-11,4038.37
111,201,2026-01-11,5172.709999999999
112,169,2026-01-11,2318.39
113,188,2026-01-11,210.20999999999998
114,241,2026-01-11,1037.65
115,103,2026-01-11,1363.82
116,226,2026-01-11,736.68
117,121,2026-01-11,2165.29
118,83,2026-01-11,5376.459999999999
119,238,2026-01-11,477.53
120,105,2026-01-11,1956.6799999999998
121,286,2026-01-11,34.61
122,172,2026-01-11,4430.38
123,74,2026-01-11,405.18
124,187,2026-01-11,573.3199999999999
125,224,2026-01-11,5483.6
126,25,2026-01-11,1978.2000000000003
127,230,2026-01-11,4687.33
128,12,2026-01-11,2309.5099999999998
129,143,2026-01-11,2877.21
130,288,2026-01-11,5419.27
131,21,2026-01-11,1119.4499999999998
132,152,2026-01-11,2812.32
133,256,2026-01-11,2257.62
134,292,2026-01-11,749.83
135,124,2026-01-11,1305.35
136,253,2026-01-11,1826.13
137,300,2026-01-11,1274.8600000000001
138,162,2026-01-11,2689.36
139,137,2026-01-11,326.65999999999997
140,151,2026-01-11,2855.06
141,88,2026-01-11,83.68
142,38,2026-01-11,1528.83
143,282,2026-01-11,1341.84
144,245,2026-01-11,3221.5999999999995
145,92,2026-01-11,2673.55
146,201,2026-01-11,3726.7100000000005
147,244,2026-01-11,737.98
148,290,2026-01-11,1096.28
149,276,2026-01-11,1080.3600000000001
150,92,2026-01-11,3624.27
151,197,2026-01-11,4697.58
152,299,2026-01-11,5514.9400000000005
153,236,2026-01-11,3773.05
154,99,2026-01-11,3208.5700000000006
155,71,2026-01-11,1671.5900000000001
156,181,2026-01-11,3709.59
157,156,2026-01-11,3858.1400000000003
158,186,2026-01-11,3788.47
159,223,2026-01-11,7242.6
160,264,2026-01-11,3052.03
161,243,2026-01-11,4116.72
162,116,2026-01-11,769.7
163,111,2026-01-11,3454.9000000000005
164,41,2026-01-11,878.03
165,78,2026-01-11,679.47
166,189,2026-01-11,2305.43
167,281,2026-01-11,3118.0499999999997
168,115,2026-01-11,608.04
169,191,2026-01-11,2584.96
170,61,2026-01-11,1195.26
171,156,2026-01-11,3473.22
172,86,2026-01-11,5187.839999999999
173,271,2026-01-11,5635.0599999999995
174,39,2026-01-11,3141.3
175,19,2026-01-11,513.51
176,261,2026-01-11,4963.909999999999
177,94,2026-01-11,2789.01
178,190,2026-01-11,1891.56
179,166,2026-01-11,143.49
180,144,2026-01-11,429.57
181,188,2026-01-11,644.88
182,62,2026-01-11,3847.3199999999997
183,197,2026-01-11,2131.49
184,293,2026-01-11,3852.78
185,228,2026-01-11,606.11
186,169,2026-01-11,707.52
187,64,2026-01-11,4733.33
188,76,2026-01-11,3689.8300000000004
189,225,2026-01-11,1909.14
190,24,2026-01-11,1310.8200000000002
191,7,2026-01-11,740.7299999999999
192,211,2026-01-11,1483.1799999999998
193,92,2026-01-11,287.0
194,32,2026-01-11,4254.74
195,131,2026-01-11,2976.28
196,217,2026-01-11,5918.37
197,259,2026-01-11,859.6500000000001
198,225,2026-01-11,460.95000000000005
199,105,2026-01-11,3303.43
200,293,2026-01-11,2676.4399999999996
201,5,2026-01-11,2918.98
202,206,2026-01-11,5949.3
203,23,2026-01-11,1993.5500000000002
204,1,2026-01-11,3945.71
205,21,2026-01-11,2025.8899999999999
206,202,2026-01-11,2928.36
207,154,2026-01-11,743.3100000000001
208,192,2026-01-11,2515.3199999999997
209,246,2026-01-11,2988.11
210,267,2026-01-11,1911.49
211,29,2026-01-11,3150.74
212,45,2026-01-11,2016.76
213,171,2026-01-11,6481.16
214,100,2026-01-11,154.15
215,194,2026-01-11,4190.88
216,225,2026-01-11,3978.38
217,82,2026-01-11,1528.9
218,140,2026-01-11,3284.69
219,50,2026-01-11,360.42
220,51,2026-01-11,2115.92
221,44,2026-01-11,1695.74
222,231,2026-01-11,930.84
223,80,2026-01-11,1490.2399999999998
224,180,2026-01-11,1790.3600000000001
225,89,2026-01-11,3721.3100000000004
226,62,2026-01-11,1231.55
227,134,2026-01-11,4013.52
228,109,2026-01-11,4598.249999999999
229,259,2026-01-11,4536.97
230,273,2026-01-11,2661.36
231,197,2026-01-11,3420.8
232,195,2026-01-11,7186.39
233,40,2026-01-11,492.98
234,279,2026-01-11,4735.68
235,57,2026-01-11,2153.4900000000002
236,78,2026-01-11,675.5699999999999
237,284,2026-01-11,312.49
238,261,2026-01-11,1605.66
239,133,2026-01-11,475.32
240,107,2026-01-11,1997.87
241,229,2026-01-11,336.85
242,197,2026-01-11,730.25
243,135,2026-01-11,976.38
244,143,2026-01-11,2151.7
245,122,2026-01-11,2607.96
246,200,2026-01-11,2104.37
247,82,2026-01-11,187.35
248,268,2026-01-11,1119.18
249,5,2026-01-11,485.49
250,164,2026-01-11,1462.25
251,123,2026-01-11,3769.0199999999995
252,137,2026-01-11,1428.64
253,249,2026-01-11,2373.98
254,141,2026-01-11,1816.89
255,174,2026-01-11,4105.59
256,161,2026-01-11,120.37
257,28,2026-01-11,1941.24
258,45,2026-01-11,2341.15
259,98,2026-01-11,5355.530000000001
260,75,2026-01-11,5646.889999999999
261,48,2026-01-11,1997.9
262,191,2026-01-11,5081.75
263,229,2026-01-11,4718.62
264,265,2026-01-11,1161.88
265,83,2026-01-11,1875.7600000000002
266,249,2026-01-11,7883.3099999999995
267,71,2026-01-11,1334.52
268,64,2026-01-11,5750.610000000001
269,22,2026-01-11,4714.35
270,185,2026-01-11,3786.38
271,231,2026-01-11,966.03
272,11,2026-01-11,395.38
273,252,2026-01-11,857.58
274,114,2026-01-11,4184.51
275,121,2026-01-11,1850.57
276,208,2026-01-11,5116.150000000001
277,220,2026-01-11,3190.5999999999995
278,93,2026-01-11,2822.5299999999997
279,132,2026-01-11,1388.5
280,252,2026-01-11,1269.56
281,257,2026-01-11,84.28
282,297,2026-01-11,1417.96
283,39,2026-01-11,3443.57
284,83,2026-01-11,411.16
285,196,2026-01-11,2177.99
286,166,2026-01-11,1246.26
287,40,2026-01-11,5592.59
288,258,2026-01-11,1337.94
289,146,2026-01-11,5343.55
290,42,2026-01-11,1403.75
291,211,2026-01-11,3754.919999999999
292,112,2026-01-11,898.1
293,91,2026-01-11,4969.99
294,50,2026-01-11,463.8
295,289,2026-01-11,2775.66
296,197,2026-01-11,995.78
297,74,2026-01-11,3066.2
298,33,2026-01-11,2857.7599999999998
299,202,2026-01-11,139.35000000000002
300,232,2026-01-11,4571.630000000001
301,29,2026-01-11,354.0
302,31,2026-01-11,4183.8099999999995
303,34,2026-01-11,3715.1099999999997
304,94,2026-01-11,1566.8899999999999
305,169,2026-01-11,2883.84
306,165,2026-01-11,127.54
307,133,2026-01-11,2011.43
308,176,2026-01-11,1670.75
309,4,2026-01-11,3101.7100000000005
310,156,2026-01-11,3594.33
311,17,2026-01-11,6432.929999999999
312,163,2026-01-11,310.13
313,78,2026-01-11,553.65
314,177,2026-01-11,2445.95
315,271,2026-01-11,3592.2900000000004
316,248,2026-01-11,843.94
317,24,2026-01-11,3491.5999999999995
318,147,2026-01-11,5673.179999999999
319,213,2026-01-11,4808.55
320,22,2026-01-11,4566.26
321,86,2026-01-11,39.49
322,195,2026-01-11,1211.9299999999998
323,167,2026-01-11,344.56
324,242,2026-01-11,2919.64
325,64,2026-01-11,606.03
326,155,2026-01-11,1005.71
327,225,2026-01-11,574.71
328,168,2026-01-11,1078.5
329,140,2026-01-11,1008.32
330,280,2026-01-11,2554.94
331,286,2026-01-11,2319.32
332,221,2026-01-11,4102.71
333,70,2026-01-11,424.81
334,72,2026-01-11,2717.7
335,29,2026-01-11,4050.1699999999996
336,92,2026-01-11,2285.4700000000003
337,213,2026-01-11,1682.68
338,146,2026-01-11,1179.25
339,58,2026-01-11,2100.18
340,103,2026-01-11,2379.67
341,259,2026-01-11,934.1999999999999
342,237,2026-01-11,6496.790000000001
343,25,2026-01-11,1709.6699999999998
344,86,2026-01-11,58.8
345,297,2026-01-11,5688.16
346,164,2026-01-11,4443.22
347,192,2026-01-11,3006.92
348,51,2026-01-11,5213.13
349,33,2026-01-11,1569.07
350,185,2026-01-11,611.6700000000001
351,74,2026-01-11,3196.17
352,64,2026-01-11,4191.08
353,21,2026-01-11,1561.52
354,27,2026-01-11,1313.44
355,85,2026-01-11,7079.76
356,94,2026-01-11,2211.8
357,139,2026-01-11,3203.45
358,224,2026-01-11,1881.84
359,167,2026-01-11,3568.2000000000003
360,133,2026-01-11,2441.0
361,242,2026-01-11,3813.07
362,66,2026-01-11,2953.2
363,127,2026-01-11,557.04
364,192,2026-01-11,2306.6499999999996
365,214,2026-01-11,2182.99
366,197,2026-01-11,5200.79
367,62,2026-01-11,2298.9700000000003
368,275,2026-01-11,3313.4
369,208,2026-01-11,4154.91
370,8,2026-01-11,3826.8199999999997
371,131,2026-01-11,779.7500000000001
372,73,2026-01-11,1831.5
373,248,2026-01-11,878.62
374,227,2026-01-11,5168.23
375,84,2026-01-11,1954.7600000000002
376,237,2026-01-11,1794.24
377,199,2026-01-11,1261.8200000000002
378,253,2026-01-11,4229.67
379,167,2026-01-11,1468.6
380,201,2026-01-11,4653.17
381,68,2026-01-11,4119.29
382,203,2026-01-11,6692.809999999999
383,182,2026-01-11,1873.38
384,71,2026-01-11,873.62
385,114,2026-01-11,3098.71
386,47,2026-01-11,2095.26
387,32,2026-01-11,3574.25
388,178,2026-01-11,4333.08
389,45,2026-01-11,5421.14
390,155,2026-01-11,5578.14
391,278,2026-01-11,2736.8199999999997
392,26,2026-01-11,2163.01
393,285,2026-01-11,6652.49
394,116,2026-01-11,2253.04
395,185,2026-01-11,5304.76
396,8,2026-01-11,4453.07
397,120,2026-01-11,5531.75
398,148,2026-01-11,4357.37
399,75,2026-01-11,1910.83
400,249,2026-01-11,2934.9200000000005
401,175,2026-01-11,1057.03
402,159,2026-01-11,4079.8599999999997
403,6,2026-01-11,3368.09
404,266,2026-01-11,2060.75
405,12,2026-01-11,212.28
406,186,2026-01-11,5211.18
407,220,2026-01-11,176.27
408,152,2026-01-11,3822.78
409,257,2026-01-11,4102.65
410,29,2026-01-11,3317.5699999999997
411,155,2026-01-11,914.3999999999999
412,191,2026-01-11,2768.2700000000004
413,261,2026-01-11,710.36
414,103,2026-01-11,2937.7799999999997
415,103,2026-01-11,277.02
416,164,2026-01-11,1899.8799999999999
417,286,2026-01-11,1201.56
418,263,2026-01-11,1254.3000000000002
419,165,2026-01-11,1076.58
420,140,2026-01-11,445.09000000000003
421,53,2026-01-11,1309.6200000000001
422,212,2026-01-11,2280.2799999999997
423,60,2026-01-11,1731.85
424,66,2026-01-11,1827.2700000000002
425,68,2026-01-11,3289.7799999999997
426,28,2026-01-11,3164.96
427,248,2026-01-11,1011.78
428,168,2026-01-11,1209.6499999999999
429,168,2026-01-11,996.47
430,199,2026-01-11,5710.77
431,112,2026-01-11,3805.94
432,192,2026-01-11,3409.7400000000002
433,130,2026-01-11,2225.04
434,188,2026-01-11,1422.8
435,217,2026-01-11,2758.7000000000003
436,257,2026-01-11,1353.7
437,235,2026-01-11,1087.32
438,130,2026-01-11,3495.8999999999996
439,152,2026-01-11,2256.98
440,25,2026-01-11,2437.85
441,75,2026-01-11,742.59
442,264,2026-01-11,3031.7
443,145,2026-01-11,2133.06
444,8,2026-01-11,2149.9
445,282,2026-01-11,2294.96
446,190,2026-01-11,480.9
447,274,2026-01-11,323.28
448,134,2026-01-11,3042.8
449,5,2026-01-11,4510.459999999999
450,77,2026-01-11,2196.09
451,288,2026-01-11,4933.41
452,43,2026-01-11,2812.8200000000006
453,88,2026-01-11,6475.969999999999
454,109,2026-01-11,2346.27
455,175,2026-01-11,3423.93
456,15,2026-01-11,7767.76
457,169,2026-01-11,1486.85
458,198,2026-01-11,5905.389999999999
459,218,2026-01-11,4367.0199999999995
460,255,2026-01-11,3981.36
461,158,2026-01-11,2871.92
462,284,2026-01-11,1999.12
463,230,2026-01-11,3305.92
464,107,2026-01-11,445.4
465,195,2026-01-11,983.45
466,196,2026-01-11,2612.17
467,170,2026-01-11,536.48
468,144,2026-01-11,146.09
469,130,2026-01-11,2435.05
470,270,2026-01-11,1279.58
471,63,2026-01-11,856.88
472,240,2026-01-11,5099.549999999999
473,185,2026-01-11,453.54
474,243,2026-01-11,1028.61
475,204,2026-01-11,4069.3499999999995
476,237,2026-01-11,1963.0
477,149,2026-01-11,3932.51
478,245,2026-01-11,1036.81
479,135,2026-01-11,3485.3599999999997
480,225,2026-01-11,5908.25
481,213,2026-01-11,1779.71
482,137,2026-01-11,3363.3699999999994
483,94,2026-01-11,5004.820000000001
484,268,2026-01-11,554.3599999999999
485,223,2026-01-11,182.03
486,93,2026-01-11,2339.99
487,1,2026-01-11,832.26
488,24,2026-01-11,1966.84
489,99,2026-01-11,771.5
490,230,2026-01-11,1966.1100000000001
491,283,2026-01-11,1802.28
492,165,2026-01-11,962.65
493,13,2026-01-11,2262.63
494,35,2026-01-11,79.2
495,223,2026-01-11,1100.54
496,221,2026-01-11,28.599999999999998
497,266,2026-01-11,4745.1
498,165,2026-01-11,5015.49
499,57,2026-01-11,4432.91
500,258,2026-01-11,67.45
501,209,2026-01-11,4715.389999999999
502,3,2026-01-11,1773.41
503,215,2026-01-11,3069.58
504,214,2026-01-11,1606.7199999999998
505,166,2026-01-11,2514.27
506,274,2026-01-11,1964.1
507,235,2026-01-11,4116.129999999999
508,289,2026-01-11,2781.75
509,80,2026-01-11,7436.34
510,248,2026-01-11,2173.35
511,294,2026-01-11,903.0
512,47,2026-01-11,4503.51
513,86,2026-01-11,2341.84
514,225,2026-01-11,188.66
515,229,2026-01-11,1493.43
516,285,2026-01-11,1646.96
517,106,2026-01-11,5295.620000000001
518,225,2026-01-11,5713.36
519,119,2026-01-11,3535.0099999999998
520,13,2026-01-11,1962.22
521,37,2026-01-11,3911.3099999999995
522,84,2026-01-11,3750.82
523,121,2026-01-11,1828.8
524,92,2026-01-11,700.72
525,150,2026-01-11,2199.91
526,265,2026-01-11,1999.85
527,183,2026-01-11,5057.33
528,222,2026-01-11,3908.8500000000004
529,108,2026-01-11,4102.27
530,109,2026-01-11,2838.9500000000003
531,165,2026-01-11,3695.0
532,38,2026-01-11,2373.65
533,241,2026-01-11,5977.700000000001
534,4,2026-01-11,2298.11
535,208,2026-01-11,1357.64
536,17,2026-01-11,1458.69
537,188,2026-01-11,4029.05
538,176,2026-01-11,76.11
539,122,2026-01-11,452.96
540,200,2026-01-11,2532.11
541,196,2026-01-11,1523.96
542,202,2026-01-11,1485.4299999999998
543,198,2026-01-11,682.8
544,252,2026-01-11,1947.4
545,247,2026-01-11,3875.2999999999997
546,280,2026-01-11,2755.6400000000003
547,35,2026-01-11,3771.35
548,110,2026-01-11,2399.0899999999997
549,237,2026-01-11,3562.36
550,13,2026-01-11,1936.7000000000003
551,291,2026-01-11,2758.66
552,147,2026-01-11,1234.1999999999998
553,46,2026-01-11,2297.28
554,203,2026-01-11,5770.8099999999995
555,92,2026-01-11,1632.74
556,263,2026-01-11,1797.8200000000002
557,70,2026-01-11,2046.9
558,85,2026-01-11,5549.780000000001
559,49,2026-01-11,147.89999999999998
560,248,2026-01-11,3074.99
561,84,2026-01-11,2772.72
562,270,2026-01-11,3673.9300000000003
563,56,2026-01-11,2629.48
564,8,2026-01-11,1528.0700000000002
565,16,2026-01-11,3039.99
566,207,2026-01-11,861.02
567,171,2026-01-11,6053.74
568,264,2026-01-11,2168.08
569,36,2026-01-11,2136.73
570,204,2026-01-11,6475.08
571,122,2026-01-11,2549.81
572,15,2026-01-11,2483.5
573,201,2026-01-11,88.61
574,50,2026-01-11,2734.74
575,24,2026-01-11,308.52
576,130,2026-01-11,4863.21
577,165,2026-01-11,1581.36
578,13,2026-01-11,2153.55
579,149,2026-01-11,1879.1399999999999
580,47,2026-01-11,3197.7
581,217,2026-01-11,2257.16
582,171,2026-01-11,3016.41
583,38,2026-01-11,4091.52
584,87,2026-01-11,2377.86
585,11,2026-01-11,1120.42
586,95,2026-01-11,5214.35
587,243,2026-01-11,203.88
588,23,2026-01-11,4019.8
589,195,2026-01-11,1715.05
590,42,2026-01-11,3537.84
591,33,2026-01-11,1059.35
592,254,2026-01-11,1601.94
593,72,2026-01-11,3011.66
594,151,2026-01-11,541.98
595,99,2026-01-11,1495.78
596,107,2026-01-11,1437.15
597,241,2026-01-11,4588.79
598,69,2026-01-11,3054.01
599,250,2026-01-11,1320.5300000000002
600,179,2026-01-11,6848.66
601,27,2026-01-11,2311.35
602,5,2026-01-11,3224.3700000000003
603,63,2026-01-11,1459.13
604,144,2026-01-11,5491.530000000001
605,221,2026-01-11,7406.7300000000005
606,95,2026-01-11,4017.23
607,29,2026-01-11,5007.570000000001
608,63,2026-01-11,5890.63
609,123,2026-01-11,2705.52
610,69,2026-01-11,2227.0699999999997
611,127,2026-01-11,2059.0
612,167,2026-01-11,402.42
613,38,2026-01-11,5580.599999999999
614,280,2026-01-11,3222.87
615,176,2026-01-11,1730.76
616,26,2026-01-11,800.8399999999999
617,169,2026-01-11,3021.5699999999997
618,38,2026-01-11,6244.17
619,78,2026-01-11,4073.8900000000003
620,117,2026-01-11,2247.45
621,55,2026-01-11,4693.58
622,112,2026-01-11,2075.5099999999998
623,63,2026-01-11,1180.0900000000001
624,58,2026-01-11,2422.54
625,215,2026-01-11,1748.4
626,249,2026-01-11,5028.02
627,173,2026-01-11,1202.98
628,62,2026-01-11,2796.95
629,251,2026-01-11,2724.9700000000003
630,59,2026-01-11,4518.2699999999995
631,46,2026-01-11,316.34
632,120,2026-01-11,7724.76
633,18,2026-01-11,1783.2800000000002
634,252,2026-01-11,682.28
635,22,2026-01-11,2179.32
636,261,2026-01-11,3854.97
637,258,2026-01-11,1670.8799999999999
638,218,2026-01-11,2753.91
639,84,2026-01-11,3626.79
640,56,2026-01-11,2222.96
641,137,2026-01-11,2105.55
642,235,2026-01-11,2876.8500000000004
643,71,2026-01-11,2454.95
644,24,2026-01-11,1042.17
645,203,2026-01-11,932.44
646,110,2026-01-11,2326.39
647,292,2026-01-11,1448.1000000000001
648,28,2026-01-11,573.9
649,106,2026-01-11,2949.8999999999996
650,273,2026-01-11,71.54
651,195,2026-01-11,2367.41
652,40,2026-01-11,2352.15
653,42,2026-01-11,3087.16
654,217,2026-01-11,6802.200000000001
655,252,2026-01-11,3465.96
656,131,2026-01-11,2423.1
657,122,2026-01-11,3633.51
658,147,2026-01-11,956.45
659,230,2026-01-11,1506.57
660,27,2026-01-11,904.37
661,16,2026-01-11,1982.27
662,216,2026-01-11,3041.3799999999997
663,283,2026-01-11,2833.46
664,263,2026-01-11,473.61
665,144,2026-01-11,3667.43
666,238,2026-01-11,1400.79
667,281,2026-01-11,3150.4900000000002
668,134,2026-01-11,1044.1599999999999
669,8,2026-01-11,668.8
670,249,2026-01-11,2505.92
671,263,2026-01-11,933.5400000000001
672,32,2026-01-11,2918.0499999999997
673,114,2026-01-11,839.08
674,216,2026-01-11,2395.2000000000003
675,258,2026-01-11,1164.8600000000001
676,233,2026-01-11,2292.0
677,183,2026-01-11,1912.8000000000002
678,111,2026-01-11,2841.46
679,69,2026-01-11,3475.7300000000005
680,163,2026-01-11,1708.27
681,101,2026-01-11,1171.51
682,76,2026-01-11,3505.1099999999997
683,217,2026-01-11,2267.84
684,87,2026-01-11,2745.6899999999996
685,138,2026-01-11,870.9
686,244,2026-01-11,1224.65
687,54,2026-01-11,4430.76
688,31,2026-01-11,2143.6
689,30,2026-01-11,1765.8200000000002
690,179,2026-01-11,1417.08
691,228,2026-01-11,4916.3099999999995
692,55,2026-01-11,1554.1799999999998
693,25,2026-01-11,3589.4100000000003
694,213,2026-01-11,110.43
695,225,2026-01-11,1341.84
696,84,2026-01-11,1767.3400000000001
697,129,2026-01-11,1181.19
698,176,2026-01-11,2202.69
699,140,2026-01-11,2463.75
700,76,2026-01-11,2895.39
701,210,2026-01-11,2892.59
702,169,2026-01-11,3965.2899999999995
703,116,2026-01-11,4194.86
704,240,2026-01-11,3086.19
705,193,2026-01-11,3771.81
706,279,2026-01-11,788.1
707,152,2026-01-11,4232.82
708,245,2026-01-11,2259.67
709,281,2026-01-11,859.38
710,18,2026-01-11,3386.9300000000003
711,118,2026-01-11,3106.0999999999995
712,266,2026-01-11,6282.84
713,191,2026-01-11,5748.1900000000005
714,267,2026-01-11,1046.31
715,219,2026-01-11,687.33
716,116,2026-01-11,1016.8
717,112,2026-01-11,6520.189999999999
718,20,2026-01-11,3005.5
719,259,2026-01-11,310.18
720,111,2026-01-11,582.68
721,139,2026-01-11,2393.43
722,224,2026-01-11,5227.24
723,133,2026-01-11,3048.6800000000003
724,57,2026-01-11,1571.16
725,130,2026-01-11,3063.4300000000003
726,29,2026-01-11,3411.1800000000003
727,160,2026-01-11,786.48
728,165,2026-01-11,3988.9300000000003
729,161,2026-01-11,2226.44
730,240,2026-01-11,1132.1
731,86,2026-01-11,3164.21
732,27,2026-01-11,2144.81
733,84,2026-01-11,1519.2900000000002
734,216,2026-01-11,475.92
735,298,2026-01-11,2268.0299999999997
736,293,2026-01-11,3424.7599999999998
737,277,2026-01-11,1483.45
738,217,2026-01-11,2543.81
739,297,2026-01-11,3083.8900000000003
740,72,2026-01-11,4166.01
741,131,2026-01-11,1160.39
742,200,2026-01-11,4304.7
743,121,2026-01-11,1908.96
744,106,2026-01-11,3052.8999999999996
745,94,2026-01-11,529.73
746,196,2026-01-11,2675.47
747,203,2026-01-11,1791.3100000000002
748,203,2026-01-11,1438.22
749,88,2026-01-11,2378.1499999999996
750,166,2026-01-11,4140.63
751,41,2026-01-11,5257.27
752,260,2026-01-11,2069.93
753,88,2026-01-11,498.09000000000003
754,293,2026-01-11,2896.6499999999996
755,32,2026-01-11,448.47
756,94,2026-01-11,7640.630000000001
757,216,2026-01-11,4472.1900000000005
758,11,2026-01-11,1527.0500000000002
759,273,2026-01-11,2449.02
760,272,2026-01-11,4823.099999999999
761,247,2026-01-11,5092.62
762,116,2026-01-11,5053.349999999999
763,224,2026-01-11,1235.9
764,30,2026-01-11,1861.0100000000002
765,207,2026-01-11,991.8799999999999
766,203,2026-01-11,1446.28
767,285,2026-01-11,3734.09
768,119,2026-01-11,765.25
769,210,2026-01-11,999.5999999999999
770,275,2026-01-11,5381.799999999999
771,107,2026-01-11,2129.2200000000003
772,252,2026-01-11,2119.8500000000004
773,279,2026-01-11,2631.2
774,59,2026-01-11,1390.78
775,289,2026-01-11,1964.62
776,247,2026-01-11,1282.13
777,90,2026-01-11,2920.4
778,98,2026-01-11,3331.5600000000004
779,205,2026-01-11,1521.96
780,183,2026-01-11,2073.43
781,42,2026-01-11,4642.110000000001
782,24,2026-01-11,4890.9400000000005
783,150,2026-01-11,6300.070000000001
784,41,2026-01-11,1454.36
785,287,2026-01-11,5638.030000000001
786,154,2026-01-11,3216.93
787,228,2026-01-11,3791.19
788,105,2026-01-11,1309.29
789,103,2026-01-11,5542.04
790,228,2026-01-11,1190.72
791,247,2026-01-11,5622.53
792,257,2026-01-11,3909.0
793,231,2026-01-11,965.5000000000001
794,63,2026-01-11,3841.6600000000003
795,219,2026-01-11,4037.88
796,196,2026-01-11,3832.68
797,287,2026-01-11,455.23
798,185,2026-01-11,4159.32
799,231,2026-01-11,2084.8900000000003
800,50,2026-01-11,1714.71
801,286,2026-01-11,2469.14
802,275,2026-01-11,1368.99
803,223,2026-01-11,199.38
804,239,2026-01-11,975.56
805,196,2026-01-11,1622.52
806,28,2026-01-11,4554.4400000000005
807,107,2026-01-11,1915.48
808,5,2026-01-11,4085.6600000000003
809,92,2026-01-11,1440.57
810,192,2026-01-11,2967.4100000000003
811,272,2026-01-11,558.35
812,69,2026-01-11,2629.94
813,112,2026-01-11,5122.85
814,8,2026-01-11,400.28
815,109,2026-01-11,1046.14
816,101,2026-01-11,1188.11
817,271,2026-01-11,1791.44
818,228,2026-01-11,1213.72
819,240,2026-01-11,5773.820000000001
820,240,2026-01-11,1616.51
821,178,2026-01-11,3934.5799999999995
822,151,2026-01-11,1435.26
823,154,2026-01-11,3254.6099999999997
824,165,2026-01-11,3986.38
825,102,2026-01-11,1857.58
826,25,2026-01-11,5281.65
827,32,2026-01-11,995.78
828,167,2026-01-11,4146.1
829,77,2026-01-11,2538.15
830,57,2026-01-11,4525.98
831,165,2026-01-11,2477.9900000000002
832,249,2026-01-11,2285.98
833,49,2026-01-11,5292.67
834,12,2026-01-11,1745.1100000000001
835,246,2026-01-11,958.53
836,266,2026-01-11,163.92000000000002
837,199,2026-01-11,737.64
838,165,2026-01-11,2715.2599999999998
839,142,2026-01-11,942.5899999999999
840,137,2026-01-11,1993.1699999999998
841,272,2026-01-11,1806.84
842,225,2026-01-11,41.339999999999996
843,229,2026-01-11,299.83
844,275,2026-01-11,2379.2
845,251,2026-01-11,422.62
846,213,2026-01-11,642.7
847,134,2026-01-11,1088.8799999999999
848,192,2026-01-11,1938.13
849,257,2026-01-11,2015.3799999999999
850,93,2026-01-11,1045.8000000000002
851,67,2026-01-11,1886.44
852,52,2026-01-11,2027.6
853,93,2026-01-11,2282.3500000000004
854,27,2026-01-11,3326.76
855,30,2026-01-11,881.3
856,86,2026-01-11,1160.06
857,241,2026-01-11,1987.9599999999998
858,153,2026-01-11,2646.96
859,63,2026-01-11,2966.9300000000003
860,274,2026-01-11,311.06
861,265,2026-01-11,753.5
862,180,2026-01-11,1051.65
863,149,2026-01-11,1471.17
864,191,2026-01-11,1963.21
865,250,2026-01-11,3969.6099999999997
866,184,2026-01-11,5444.93
867,100,2026-01-11,2458.9700000000003
868,299,2026-01-11,7122.620000000001
869,168,2026-01-11,1597.0900000000001
870,235,2026-01-11,265.32
871,137,2026-01-11,1763.5900000000001
872,258,2026-01-11,3810.6499999999996
873,86,2026-01-11,5365.679999999999
874,244,2026-01-11,1435.65
875,296,2026-01-11,2826.1800000000003
876,34,2026-01-11,2010.95
877,190,2026-01-11,2791.1600000000003
878,188,2026-01-11,3811.9400000000005
879,76,2026-01-11,5132.0599999999995
880,127,2026-01-11,3707.4700000000003
881,79,2026-01-11,1993.27
882,120,2026-01-11,1471.6499999999999
883,285,2026-01-11,1425.89
884,150,2026-01-11,1924.4700000000003
885,128,2026-01-11,1720.04
886,187,2026-01-11,4338.94
887,245,2026-01-11,1582.4099999999999
888,142,2026-01-11,2763.7799999999997
889,189,2026-01-11,1697.55
890,291,2026-01-11,688.63
891,252,2026-01-11,2410.0
892,39,2026-01-11,5102.150000000001
893,241,2026-01-11,2866.91
894,83,2026-01-11,4338.26
895,297,2026-01-11,2421.8700000000003
896,269,2026-01-11,1324.6
897,90,2026-01-11,412.03000000000003
898,19,2026-01-11,6816.089999999999
899,249,2026-01-11,562.04
900,250,2026-01-11,2614.53
901,238,2026-01-11,2038.2699999999998
902,254,2026-01-11,3375.44
903,104,2026-01-11,4962.34
904,65,2026-01-11,4205.5599999999995
905,192,2026-01-11,892.56
906,147,2026-01-11,564.65
907,182,2026-01-11,3858.5999999999995
908,179,2026-01-11,2169.95
909,21,2026-01-11,6146.4
910,131,2026-01-11,35.910000000000004
911,208,2026-01-11,1748.68
912,163,2026-01-11,3459.88
913,261,2026-01-11,5970.82
914,271,2026-01-11,5463.740000000001
915,188,2026-01-11,4742.799999999999
916,282,2026-01-11,785.3499999999999
917,58,2026-01-11,5223.96
918,116,2026-01-11,1380.7
919,252,2026-01-11,1143.57
920,48,2026-01-11,650.24
921,143,2026-01-11,2508.98
922,185,2026-01-11,3096.6699999999996
923,53,2026-01-11,2063.53
924,103,2026-01-11,3632.83
925,79,2026-01-11,3024.76
926,272,2026-01-11,1099.78
927,153,2026-01-11,39.82
928,138,2026-01-11,1502.72
929,193,2026-01-11,3155.9399999999996
930,299,2026-01-11,6148.039999999999
931,27,2026-01-11,522.75
932,276,2026-01-11,3696.87
933,164,2026-01-11,3051.7799999999997
934,18,2026-01-11,2695.47
935,132,2026-01-11,2936.66
936,163,2026-01-11,2110.56
937,176,2026-01-11,370.68
938,293,2026-01-11,2011.7500000000002
939,89,2026-01-11,717.26
940,160,2026-01-11,4464.3
941,15,2026-01-11,3062.9000000000005
942,175,2026-01-11,3763.0600000000004
943,40,2026-01-11,2628.2200000000003
944,176,2026-01-11,1807.15
945,194,2026-01-11,1696.92
946,210,2026-01-11,3479.9599999999996
947,157,2026-01-11,3496.3399999999997
948,101,2026-01-11,1817.3600000000001
949,6,2026-01-11,3922.04
950,266,2026-01-11,4707.12
951,158,2026-01-11,2353.75
952,76,2026-01-11,3137.52
953,242,2026-01-11,91.48
954,128,2026-01-11,4597.61
955,239,2026-01-11,2562.35
956,12,2026-01-11,2341.5
957,158,2026-01-11,420.55
958,70,2026-01-11,2645.84
959,153,2026-01-11,243.62
960,241,2026-01-11,3705.3199999999997
961,186,2026-01-11,360.53
962,175,2026-01-11,343.96999999999997
963,109,2026-01-11,6130.42
964,140,2026-01-11,2409.3
965,210,2026-01-11,4282.18
966,20,2026-01-11,2929.17
967,216,2026-01-11,3863.4199999999996
968,77,2026-01-11,1195.29
969,164,2026-01-11,2162.7799999999997
970,53,2026-01-11,1285.74
971,211,2026-01-11,2202.6400000000003
972,230,2026-01-11,1048.02
973,185,2026-01-11,899.48
974,163,2026-01-11,2854.3999999999996
975,78,2026-01-11,2194.64
976,12,2026-01-11,1929.2
977,128,2026-01-11,3551.41
978,241,2026-01-11,2194.8
979,227,2026-01-11,864.78
980,255,2026-01-11,459.06
981,242,2026-01-11,3076.1199999999994
982,275,2026-01-11,1937.0
983,164,2026-01-11,2605.46
984,132,2026-01-11,2703.48
985,79,2026-01-11,6108.85
986,11,2026-01-11,3137.2999999999997
987,135,2026-01-11,2201.52
988,150,2026-01-11,1691.0500000000002
989,237,2026-01-11,6012.1
990,190,2026-01-11,1801.49
991,268,2026-01-11,841.76
992,147,2026-01-11,855.88
993,53,2026-01-11,830.1
994,107,2026-01-11,3384.8900000000003
995,190,2026-01-11,4367.5599999999995
996,24,2026-01-11,217.84
997,151,2026-01-11,1095.9899999999998
998,163,2026-01-11,1896.99
999,105,2026-01-11,3743.8199999999997
1000,153,2026-01-11,2650.74
1001,196,2026-01-11,3039.15
1002,260,2026-01-11,1429.11
1003,10,2026-01-11,2567.11
1004,133,2026-01-11,2832.3999999999996
1005,98,2026-01-11,1617.75
1006,268,2026-01-11,1366.45
1007,128,2026-01-11,1457.76
1008,21,2026-01-11,6436.3
1009,130,2026-01-11,5016.89
1010,4,2026-01-11,80.01
1011,22,2026-01-11,2969.7900000000004
1012,5,2026-01-11,1479.17
1013,237,2026-01-11,6135.01
1014,238,2026-01-11,2155.32
1015,48,2026-01-11,4092.2599999999998
1016,60,2026-01-11,6631.290000000001
1017,172,2026-01-11,400.5
1018,274,2026-01-11,4563.52
1019,150,2026-01-11,8426.289999999999
1020,110,2026-01-11,4150.18
1021,110,2026-01-11,5572.589999999999
1022,210,2026-01-11,7903.68
1023,235,2026-01-11,4727.77
1024,293,2026-01-11,1315.5
1025,112,2026-01-11,255.32999999999998
1026,226,2026-01-11,4730.21
1027,162,2026-01-11,2795.04
1028,194,2026-01-11,1388.91
1029,187,2026-01-11,2360.53
1030,41,2026-01-11,2689.2999999999997
1031,177,2026-01-11,1070.42
1032,293,2026-01-11,233.93
1033,3,2026-01-11,3305.4100000000003
1034,189,2026-01-11,1227.5900000000001
1035,137,2026-01-11,761.86
1036,39,2026-01-11,984.49
1037,249,2026-01-11,1583.38
1038,297,2026-01-11,1481.48
1039,111,2026-01-11,93.13
1040,80,2026-01-11,2651.0200000000004
1041,118,2026-01-11,181.36
1042,169,2026-01-11,849.8700000000001
1043,27,2026-01-11,950.09
1044,116,2026-01-11,89.22
1045,219,2026-01-11,1077.0
1046,253,2026-01-11,282.08
1047,45,2026-01-11,1754.8500000000001
1048,242,2026-01-11,3144.66
1049,236,2026-01-11,3346.83
1050,26,2026-01-11,1341.22
1051,195,2026-01-11,1867.74
1052,257,2026-01-11,952.32
1053,54,2026-01-11,4059.6099999999997
1054,46,2026-01-11,3579.0499999999997
1055,80,2026-01-11,4755.75
1056,61,2026-01-11,898.24
1057,134,2026-01-11,2333.5899999999997
1058,58,2026-01-11,5296.9800000000005
1059,190,2026-01-11,2424.35
1060,49,2026-01-11,297.95000000000005
1061,73,2026-01-11,1169.58
1062,253,2026-01-11,490.85
1063,275,2026-01-11,1662.28
1064,289,2026-01-11,1568.59
1065,263,2026-01-11,1772.9300000000003
1066,186,2026-01-11,4330.9
1067,214,2026-01-11,2131.2
1068,64,2026-01-11,5112.15
1069,264,2026-01-11,3197.9
1070,61,2026-01-11,2822.0
1071,197,2026-01-11,5163.99
1072,18,2026-01-11,1252.29
1073,110,2026-01-11,2220.32
1074,44,2026-01-11,3865.85
1075,160,2026-01-11,452.65
1076,237,2026-01-11,2897.7999999999997
1077,163,2026-01-11,1417.72
1078,123,2026-01-11,5904.01
1079,148,2026-01-11,5816.840000000001
1080,130,2026-01-11,4578.320000000001
1081,28,2026-01-11,3989.3199999999997
1082,240,2026-01-11,4388.860000000001
1083,205,2026-01-11,3436.3
1084,124,2026-01-11,6652.84
1085,70,2026-01-11,4051.73
1086,300,2026-01-11,616.59
1087,83,2026-01-11,2323.06
1088,227,2026-01-11,3858.12
1089,152,2026-01-11,2826.5
1090,108,2026-01-11,3106.67
1091,93,2026-01-11,3338.09
1092,216,2026-01-11,1950.36
1093,155,2026-01-11,2074.96
1094,96,2026-01-11,2930.0600000000004
1095,12,2026-01-11,3220.1500000000005
1096,229,2026-01-11,956.25
1097,87,2026-01-11,1591.98
1098,30,2026-01-11,138.8
1099,278,2026-01-11,4584.84
1100,112,2026-01-11,4970.75
1101,189,2026-01-11,2776.8199999999997
1102,79,2026-01-11,4252.0599999999995
1103,231,2026-01-11,4136.57
1104,85,2026-01-11,884.16
1105,128,2026-01-11,1229.24
1106,176,2026-01-11,2045.8700000000001
1107,25,2026-01-11,3418.2700000000004
1108,209,2026-01-11,3952.5099999999998
1109,24,2026-01-11,2853.28
1110,87,2026-01-11,1482.45
1111,162,2026-01-11,4590.849999999999
1112,64,2026-01-11,2120.46
1113,269,2026-01-11,4444.62
1114,37,2026-01-11,975.62
1115,268,2026-01-11,2492.04
1116,294,2026-01-11,893.6999999999999
1117,250,2026-01-11,833.7299999999999
1118,198,2026-01-11,7229.400000000001
1119,291,2026-01-11,818.45
1120,168,2026-01-11,3540.08
1121,81,2026-01-11,3082.25
1122,162,2026-01-11,1164.1999999999998
1123,127,2026-01-11,1921.28
1124,34,2026-01-11,1039.3700000000001
1125,124,2026-01-11,1623.95
1126,247,2026-01-11,3250.7300000000005
1127,120,2026-01-11,4135.63
1128,1,2026-01-11,2351.5
1129,171,2026-01-11,4206.52
1130,154,2026-01-11,2327.4399999999996
1131,45,2026-01-11,4375.41
1132,108,2026-01-11,1510.54
1133,239,2026-01-11,960.72
1134,173,2026-01-11,364.24
1135,35,2026-01-11,5419.92
1136,87,2026-01-11,732.48
1137,113,2026-01-11,13.24
1138,90,2026-01-11,2787.05
1139,2,2026-01-11,4246.21
1140,120,2026-01-11,4902.83
1141,81,2026-01-11,4624.01
1142,65,2026-01-11,4722.32
1143,294,2026-01-11,3413.7299999999996
1144,250,2026-01-11,570.16
1145,75,2026-01-11,397.32
1146,58,2026-01-11,3419.2200000000003
1147,75,2026-01-11,3243.88
1148,15,2026-01-11,4885.57
1149,38,2026-01-11,3391.42
1150,152,2026-01-11,1746.92
1151,26,2026-01-11,2722.46
1152,132,2026-01-11,2768.1600000000003
1153,42,2026-01-11,3887.2700000000004
1154,152,2026-01-11,3746.0
1155,2,2026-01-11,1075.97
1156,248,2026-01-11,2183.04
1157,79,2026-01-11,1254.24
1158,122,2026-01-11,2784.8
1159,258,2026-01-11,3266.41
1160,98,2026-01-11,4161.099999999999
1161,239,2026-01-11,2281.7799999999997
1162,107,2026-01-11,3008.83
1163,75,2026-01-11,3505.24
1164,159,2026-01-11,449.19
1165,65,2026-01-11,4660.070000000001
1166,89,2026-01-11,418.41
1167,219,2026-01-11,977.45
1168,252,2026-01-11,4828.7699999999995
1169,216,2026-01-11,2721.8100000000004
1170,210,2026-01-11,5554.48
1171,207,2026-01-11,6399.0199999999995
1172,49,2026-01-11,303.68
1173,163,2026-01-11,2616.17
1174,132,2026-01-11,155.01
1175,274,2026-01-11,1493.15
1176,70,2026-01-11,516.0799999999999
1177,174,2026-01-11,3011.3900000000003
1178,216,2026-01-11,2244.75
1179,73,2026-01-11,1579.1
1180,149,2026-01-11,3051.0299999999997
1181,228,2026-01-11,18.48
1182,139,2026-01-11,536.7
1183,87,2026-01-11,4015.5200000000004
1184,100,2026-01-11,5859.659999999999
1185,221,2026-01-11,7161.610000000001
1186,9,2026-01-11,1841.09
1187,274,2026-01-11,939.84
1188,101,2026-01-11,448.78
1189,63,2026-01-11,1490.12
1190,24,2026-01-11,3376.0099999999998
1191,130,2026-01-11,1828.07
1192,196,2026-01-11,3798.82
1193,215,2026-01-11,1738.91
1194,103,2026-01-11,2644.5699999999997
1195,193,2026-01-11,2415.72
1196,48,2026-01-11,4591.87
1197,132,2026-01-11,57.0
1198,122,2026-01-11,1919.18
1199,262,2026-01-11,1362.5099999999998
1200,259,2026-01-11,2523.6
1201,126,2026-01-11,968.7900000000001
1202,121,2026-01-11,3590.53
1203,190,2026-01-11,1456.6599999999999
1204,294,2026-01-11,1622.78
1205,222,2026-01-11,3955.27
1206,148,2026-01-11,2920.18
1207,287,2026-01-11,3986.57
1208,263,2026-01-11,3308.21
1209,20,2026-01-11,1359.5
1210,144,2026-01-11,2375.1499999999996
1211,98,2026-01-11,2009.04
1212,128,2026-01-11,2940.76
1213,171,2026-01-11,4073.0999999999995
1214,35,2026-01-11,2856.58
1215,188,2026-01-11,248.89
1216,207,2026-01-11,895.8000000000001
1217,45,2026-01-11,3217.11
1218,194,2026-01-11,3756.49
1219,252,2026-01-11,1602.6999999999998
1220,91,2026-01-11,3705.98
1221,29,2026-01-11,1648.47
1222,77,2026-01-11,2566.5899999999997
1223,198,2026-01-11,1384.8400000000001
1224,187,2026-01-11,333.81
1225,106,2026-01-11,1485.08
1226,179,2026-01-11,397.59999999999997
1227,227,2026-01-11,1434.88
1228,261,2026-01-11,5849.550000000001
1229,154,2026-01-11,1141.4299999999998
1230,286,2026-01-11,4726.52
1231,23,2026-01-11,1294.28
1232,223,2026-01-11,990.4399999999999
1233,186,2026-01-11,824.8599999999999
1234,117,2026-01-11,2017.35
1235,173,2026-01-11,587.52
1236,277,2026-01-11,1581.14
1237,137,2026-01-11,2721.72
1238,24,2026-01-11,1158.42
1239,64,2026-01-11,4095.3599999999997
1240,103,2026-01-11,1545.22
1241,132,2026-01-11,2836.11
1242,99,2026-01-11,1539.8700000000001
1243,19,2026-01-11,3094.75
1244,198,2026-01-11,1937.8
1245,231,2026-01-11,1086.2800000000002
1246,257,2026-01-11,2012.22
1247,190,2026-01-11,1387.35
1248,1,2026-01-11,2329.7000000000003
1249,171,2026-01-11,4343.63
1250,279,2026-01-11,84.74
1251,13,2026-01-11,4820.820000000001
1252,30,2026-01-11,5564.0599999999995
1253,92,2026-01-11,3163.35
1254,106,2026-01-11,5757.959999999999
1255,63,2026-01-11,1481.1
1256,97,2026-01-11,3136.8799999999997
1257,77,2026-01-11,1596.78
1258,90,2026-01-11,4985.78
1259,32,2026-01-11,4184.01
1260,168,2026-01-11,2881.47
1261,14,2026-01-11,3554.73
1262,255,2026-01-11,2196.12
1263,165,2026-01-11,4203.86
1264,10,2026-01-11,1906.01
1265,110,2026-01-11,1601.62
1266,52,2026-01-11,4144.33
1267,57,2026-01-11,3552.3999999999996
1268,3,2026-01-11,3545.37
1269,270,2026-01-11,4366.9
1270,162,2026-01-11,626.88
1271,147,2026-01-11,3416.1099999999997
1272,265,2026-01-11,4956.44
1273,153,2026-01-11,5933.24
1274,132,2026-01-11,630.25
1275,117,2026-01-11,661.6099999999999
1276,298,2026-01-11,5009.990000000001
1277,290,2026-01-11,1966.69
1278,245,2026-01-11,1765.06
1279,57,2026-01-11,4470.780000000001
1280,272,2026-01-11,975.68
1281,270,2026-01-11,1878.29
1282,256,2026-01-11,2995.08
1283,86,2026-01-11,3418.81
1284,67,2026-01-11,3348.4
1285,77,2026-01-11,1171.71
1286,43,2026-01-11,1940.31
1287,269,2026-01-11,3967.44
1288,115,2026-01-11,2515.1
1289,243,2026-01-11,3151.25
1290,52,2026-01-11,3888.09
1291,204,2026-01-11,2143.0299999999997
1292,277,2026-01-11,4822.51
1293,268,2026-01-11,5147.09
1294,188,2026-01-11,2072.38
1295,64,2026-01-11,3000.23
1296,88,2026-01-11,4479.95
1297,275,2026-01-11,29.48
1298,291,2026-01-11,357.52
1299,130,2026-01-11,808.24
1300,238,2026-01-11,6108.78
1301,20,2026-01-11,3997.6499999999996
1302,96,2026-01-11,308.46
1303,193,2026-01-11,5976.74
1304,71,2026-01-11,2535.05
1305,199,2026-01-11,2674.9299999999994
1306,42,2026-01-11,2472.4500000000003
1307,182,2026-01-11,3263.4900000000002
1308,123,2026-01-11,4647.81
1309,199,2026-01-11,5218.29
1310,216,2026-01-11,3889.1699999999996
1311,115,2026-01-11,5442.379999999999
1312,230,2026-01-11,321.65
1313,8,2026-01-11,44.24
1314,239,2026-01-11,1452.3700000000001
1315,290,2026-01-11,2000.5400000000002
1316,217,2026-01-11,119.28999999999999
1317,259,2026-01-11,3804.9300000000003
1318,111,2026-01-11,1609.5
1319,82,2026-01-11,5919.65
1320,41,2026-01-11,1909.94
1321,259,2026-01-11,362.86
1322,234,2026-01-11,1333.92
1323,62,2026-01-11,3710.16
1324,118,2026-01-11,3487.23
1325,119,2026-01-11,982.5300000000001
1326,191,2026-01-11,2838.52
1327,145,2026-01-11,3817.93
1328,68,2026-01-11,3352.23
1329,89,2026-01-11,858.72
1330,292,2026-01-11,5979.490000000001
1331,14,2026-01-11,1543.26
1332,131,2026-01-11,2983.0
1333,216,2026-01-11,7927.58
1334,73,2026-01-11,1219.7
1335,281,2026-01-11,3644.48
1336,263,2026-01-11,103.59
1337,88,2026-01-11,518.6
1338,31,2026-01-11,1486.5
1339,88,2026-01-11,1093.32
1340,119,2026-01-11,3260.4300000000003
1341,146,2026-01-11,611.2
1342,259,2026-01-11,3340.57
1343,36,2026-01-11,1248.17
1344,288,2026-01-11,4524.09
1345,52,2026-01-11,1728.15
1346,18,2026-01-11,188.76
1347,76,2026-01-11,1289.94
1348,267,2026-01-11,4816.66
1349,263,2026-01-11,5138.83
1350,263,2026-01-11,3058.68
1351,71,2026-01-11,4175.2699999999995
1352,293,2026-01-11,1593.06
1353,95,2026-01-11,1301.84
1354,59,2026-01-11,2079.92
1355,239,2026-01-11,1693.04
1356,249,2026-01-11,1040.17
1357,288,2026-01-11,4355.4400000000005
1358,42,2026-01-11,2295.96
1359,126,2026-01-11,2840.33
1360,214,2026-01-11,2020.6
1361,197,2026-01-11,2050.63
1362,215,2026-01-11,1468.3999999999999
1363,92,2026-01-11,6793.52
1364,178,2026-01-11,5776.389999999999
1365,277,2026-01-11,2260.66
1366,236,2026-01-11,2329.48
1367,225,2026-01-11,2413.6699999999996
1368,153,2026-01-11,3631.86
1369,50,2026-01-11,1672.4299999999998
1370,270,2026-01-11,1560.8899999999999
1371,269,2026-01-11,2497.0600000000004
1372,85,2026-01-11,3300.1299999999997
1373,211,2026-01-11,314.72
1374,39,2026-01-11,2186.9700000000003
1375,18,2026-01-11,4846.08
1376,283,2026-01-11,2912.42
1377,18,2026-01-11,2127.65
1378,152,2026-01-11,196.29999999999998
1379,76,2026-01-11,2736.55
1380,178,2026-01-11,3513.6
1381,80,2026-01-11,939.2
1382,277,2026-01-11,67.2
1383,145,2026-01-11,3739.46
1384,253,2026-01-11,1050.33
1385,141,2026-01-11,1441.2000000000003
1386,209,2026-01-11,1315.3500000000001
1387,28,2026-01-11,1563.27
1388,229,2026-01-11,465.01
1389,201,2026-01-11,196.67
1390,208,2026-01-11,1862.1399999999999
1391,77,2026-01-11,59.75
1392,120,2026-01-11,5964.67
1393,259,2026-01-11,1899.08
1394,23,2026-01-11,1992.2200000000003
1395,281,2026-01-11,7124.660000000001
1396,141,2026-01-11,2508.7999999999997
1397,178,2026-01-11,4837.27
1398,139,2026-01-11,1867.47
1399,234,2026-01-11,1881.68
1400,202,2026-01-11,243.08
1401,155,2026-01-11,3842.4500000000003
1402,160,2026-01-11,2478.34
1403,219,2026-01-11,5101.23
1404,14,2026-01-11,1243.21
1405,118,2026-01-11,889.72
1406,135,2026-01-11,3993.7599999999998
1407,41,2026-01-11,1458.1
1408,214,2026-01-11,989.35
1409,225,2026-01-11,963.2600000000001
1410,61,2026-01-11,2313.9599999999996
1411,166,2026-01-11,1513.71
1412,99,2026-01-11,4990.48
1413,89,2026-01-11,4927.88
1414,202,2026-01-11,2257.92
1415,194,2026-01-11,3982.2200000000003
1416,176,2026-01-11,4602.43
1417,154,2026-01-11,3382.0699999999997
1418,274,2026-01-11,3426.22
1419,200,2026-01-11,1216.6
1420,66,2026-01-11,6714.82
1421,153,2026-01-11,2810.32
1422,82,2026-01-11,3323.2700000000004
1423,206,2026-01-11,1725.52
1424,175,2026-01-11,2635.1400000000003
1425,35,2026-01-11,2374.95
1426,210,2026-01-11,3124.75
1427,153,2026-01-11,1135.85
1428,6,2026-01-11,2845.7000000000003
1429,127,2026-01-11,2869.05
1430,210,2026-01-11,4203.379999999999
1431,79,2026-01-11,4401.59
1432,230,2026-01-11,4181.46
1433,280,2026-01-11,106.00999999999999
1434,138,2026-01-11,939.26
1435,67,2026-01-11,3487.02
1436,236,2026-01-11,2054.6800000000003
1437,269,2026-01-11,2628.4900000000002
1438,182,2026-01-11,948.82
1439,297,2026-01-11,4857.49
1440,30,2026-01-11,6242.05
1441,184,2026-01-11,5297.61
1442,188,2026-01-11,551.5
1443,291,2026-01-11,1081.04
1444,3,2026-01-11,4957.719999999999
1445,244,2026-01-11,2348.4
1446,45,2026-01-11,2610.72
1447,206,2026-01-11,423.68
1448,135,2026-01-11,3483.93
1449,110,2026-01-11,4072.1200000000003
1450,205,2026-01-11,2678.3
1451,115,2026-01-11,2584.16
1452,100,2026-01-11,5274.410000000001
1453,141,2026-01-11,1622.98
1454,171,2026-01-11,4253.97
1455,124,2026-01-11,4536.34
1456,257,2026-01-11,643.3
1457,43,2026-01-11,3116.3999999999996
1458,132,2026-01-11,870.1
1459,23,2026-01-11,603.38
1460,141,2026-01-11,2623.7700000000004
1461,279,2026-01-11,1632.3700000000001
1462,188,2026-01-11,2416.8500000000004
1463,168,2026-01-11,205.36
1464,11,2026-01-11,528.61
1465,28,2026-01-11,1554.6899999999998
1466,25,2026-01-11,3537.9399999999996
1467,213,2026-01-11,2273.04
1468,216,2026-01-11,483.4
1469,98,2026-01-11,5613.53
1470,58,2026-01-11,3865.95
1471,201,2026-01-11,106.13
1472,14,2026-01-11,1126.23
1473,273,2026-01-11,3706.8999999999996
1474,239,2026-01-11,1075.69
1475,286,2026-01-11,41.39
1476,104,2026-01-11,346.69
1477,40,2026-01-11,3104.1099999999997
1478,284,2026-01-11,1003.79
1479,75,2026-01-11,3152.3900000000003
1480,4,2026-01-11,3664.6400000000003
1481,112,2026-01-11,6728.179999999999
1482,281,2026-01-11,1442.45
1483,284,2026-01-11,1803.9099999999999
1484,239,2026-01-11,5064.56
1485,173,2026-01-11,6255.580000000001
1486,274,2026-01-11,2841.53
1487,196,2026-01-11,7654.79
1488,104,2026-01-11,4087.3900000000003
1489,97,2026-01-11,2373.03
1490,209,2026-01-11,2225.34
1491,69,2026-01-11,175.06
1492,169,2026-01-11,1887.3600000000001
1493,131,2026-01-11,3588.06
1494,38,2026-01-11,995.46
1495,209,2026-01-11,476.90999999999997
1496,155,2026-01-11,1622.9199999999998
1497,15,2026-01-11,408.84
1498,31,2026-01-11,1882.2800000000002
1499,249,2026-01-11,3691.2300000000005
1500,217,2026-01-11,1175.24
1501,262,2026-01-11,2006.8600000000001
1502,79,2026-01-11,795.31
1503,50,2026-01-11,2493.7999999999997
1504,151,2026-01-11,6994.099999999999
1505,188,2026-01-11,1177.74
1506,89,2026-01-11,326.48
1507,234,2026-01-11,2948.77
1508,191,2026-01-11,1175.48
1509,143,2026-01-11,461.28
1510,172,2026-01-11,3267.5
1511,29,2026-01-11,2506.06
1512,246,2026-01-11,1368.66
1513,97,2026-01-11,816.64
1514,101,2026-01-11,5432.23
1515,232,2026-01-11,707.6
1516,257,2026-01-11,2944.25
1517,107,2026-01-11,2281.26
1518,244,2026-01-11,1202.85
1519,87,2026-01-11,2389.8
1520,13,2026-01-11,1485.82
1521,61,2026-01-11,696.72
1522,75,2026-01-11,3086.6699999999996
1523,80,2026-01-11,752.52
1524,284,2026-01-11,614.96
1525,297,2026-01-11,3590.8
1526,145,2026-01-11,1603.5100000000002
1527,117,2026-01-11,2167.38
1528,287,2026-01-11,3167.68
1529,108,2026-01-11,371.69
1530,49,2026-01-11,692.13
1531,182,2026-01-11,1986.4
1532,140,2026-01-11,5740.53
1533,262,2026-01-11,3241.8900000000003
1534,91,2026-01-11,1952.61
1535,101,2026-01-11,3584.92
1536,283,2026-01-11,2183.7400000000002
1537,271,2026-01-11,2004.11
1538,4,2026-01-11,2259.86
1539,190,2026-01-11,3787.15
1540,76,2026-01-11,3932.21
1541,50,2026-01-11,2690.5600000000004
1542,95,2026-01-11,1135.8999999999999
1543,263,2026-01-11,1992.63
1544,203,2026-01-11,192.0
1545,47,2026-01-11,5475.320000000001
1546,18,2026-01-11,4201.87
1547,58,2026-01-11,1581.18
1548,86,2026-01-11,4047.2400000000002
1549,150,2026-01-11,6049.57
1550,16,2026-01-11,5345.7300000000005
1551,195,2026-01-11,1777.33
1552,27,2026-01-11,1862.0
1553,96,2026-01-11,2055.7
1554,282,2026-01-11,61.9
1555,47,2026-01-11,1520.2
1556,132,2026-01-11,3259.1899999999996
1557,215,2026-01-11,4029.3499999999995
1558,213,2026-01-11,2131.32
1559,281,2026-01-11,4040.83
1560,54,2026-01-11,1806.3500000000001
1561,219,2026-01-11,1307.7
1562,261,2026-01-11,3549.52
1563,231,2026-01-11,4475.0
1564,144,2026-01-11,233.54999999999998
1565,153,2026-01-11,1402.88
1566,16,2026-01-11,6046.240000000001
1567,154,2026-01-11,2028.3899999999999
1568,98,2026-01-11,3367.14
1569,127,2026-01-11,3740.58
1570,102,2026-01-11,1188.26
1571,160,2026-01-11,4272.71
1572,66,2026-01-11,5921.609999999999
1573,92,2026-01-11,5869.5199999999995
1574,102,2026-01-11,1966.5
1575,275,2026-01-11,2450.4700000000003
1576,209,2026-01-11,3700.8799999999997
1577,56,2026-01-11,1288.6000000000001
1578,12,2026-01-11,3143.75
1579,68,2026-01-11,3007.01
1580,216,2026-01-11,3111.2999999999997
1581,154,2026-01-11,1805.4700000000003
1582,77,2026-01-11,4549.09
1583,259,2026-01-11,1688.07
1584,181,2026-01-11,1091.5
1585,212,2026-01-11,2157.51
1586,120,2026-01-11,3258.75
1587,254,2026-01-11,152.7
1588,286,2026-01-11,4520.75
1589,19,2026-01-11,4955.54
1590,35,2026-01-11,884.1
1591,189,2026-01-11,4486.45
1592,147,2026-01-11,2786.63
1593,31,2026-01-11,3867.55
1594,19,2026-01-11,2974.54
1595,287,2026-01-11,2584.1700000000005
1596,94,2026-01-11,950.6999999999999
1597,27,2026-01-11,4353.49
1598,111,2026-01-11,4256.81
1599,121,2026-01-11,4492.099999999999
1600,172,2026-01-11,3724.82
1601,41,2026-01-11,416.46
1602,208,2026-01-11,3268.0
1603,285,2026-01-11,2767.26
1604,109,2026-01-11,4450.450000000001
1605,91,2026-01-11,5831.84
1606,174,2026-01-11,2481.12
1607,125,2026-01-11,2936.5299999999997
1608,167,2026-01-11,4359.58
1609,135,2026-01-11,630.4000000000001
1610,123,2026-01-11,1646.3000000000002
1611,104,2026-01-11,2292.35
1612,35,2026-01-11,3562.67
1613,183,2026-01-11,2260.42
1614,183,2026-01-11,1018.9499999999999
1615,173,2026-01-11,1931.88
1616,7,2026-01-11,1413.73
1617,73,2026-01-11,586.14
1618,26,2026-01-11,3154.23
1619,40,2026-01-11,2016.15
1620,62,2026-01-11,227.0
1621,134,2026-01-11,3552.4800000000005
1622,64,2026-01-11,61.71
1623,178,2026-01-11,7857.9800000000005
1624,281,2026-01-11,3163.23
1625,184,2026-01-11,585.48
1626,190,2026-01-11,922.07
1627,298,2026-01-11,1597.53
1628,191,2026-01-11,1262.3700000000001
1629,261,2026-01-11,1872.8600000000001
1630,260,2026-01-11,2674.34
1631,225,2026-01-11,3420.86
1632,221,2026-01-11,4259.000000000001
1633,105,2026-01-11,3110.2999999999997
1634,124,2026-01-11,2344.62
1635,200,2026-01-11,2522.3599999999997
1636,35,2026-01-11,772.82
1637,194,2026-01-11,4681.110000000001
1638,278,2026-01-11,3836.2500000000005
1639,248,2026-01-11,370.0
1640,180,2026-01-11,713.02
1641,17,2026-01-11,5797.16
1642,38,2026-01-11,200.64
1643,129,2026-01-11,2719.8599999999997
1644,159,2026-01-11,3990.6000000000004
1645,284,2026-01-11,114.0
1646,266,2026-01-11,969.6500000000001
1647,236,2026-01-11,1831.2800000000002
1648,2,2026-01-11,3111.65
1649,155,2026-01-11,1385.25
1650,114,2026-01-11,4672.599999999999
1651,197,2026-01-11,4943.98
1652,212,2026-01-11,1469.6399999999999
1653,188,2026-01-11,4331.93
1654,218,2026-01-11,750.06
1655,104,2026-01-11,3296.82
1656,33,2026-01-11,3900.55
1657,245,2026-01-11,3009.26
1658,108,2026-01-11,2019.69
1659,122,2026-01-11,1769.58
1660,11,2026-01-11,6080.889999999999
1661,47,2026-01-11,6514.9400000000005
1662,172,2026-01-11,523.18
1663,252,2026-01-11,2264.13
1664,124,2026-01-11,6044.33
1665,160,2026-01-11,778.94
1666,121,2026-01-11,1757.15
1667,113,2026-01-11,6022.81
1668,155,2026-01-11,2036.1800000000003
1669,110,2026-01-11,100.64
1670,33,2026-01-11,624.19
1671,87,2026-01-11,2319.2
1672,179,2026-01-11,2354.7999999999997
1673,203,2026-01-11,5967.2300000000005
1674,266,2026-01-11,1041.1200000000001
1675,102,2026-01-11,686.12
1676,233,2026-01-11,5800.900000000001
1677,178,2026-01-11,4046.01
1678,151,2026-01-11,1691.42
1679,10,2026-01-11,1435.14
1680,14,2026-01-11,2907.51
1681,86,2026-01-11,5847.75
1682,281,2026-01-11,1226.04
1683,245,2026-01-11,6574.189999999999
1684,77,2026-01-11,1356.5600000000002
1685,158,2026-01-11,1682.56
1686,31,2026-01-11,3027.34
1687,53,2026-01-11,559.2
1688,53,2026-01-11,5576.84
1689,177,2026-01-11,5774.16
1690,277,2026-01-11,958.02
1691,182,2026-01-11,2836.84
1692,168,2026-01-11,2223.75
1693,109,2026-01-11,4151.32
1694,257,2026-01-11,1008.0699999999999
1695,175,2026-01-11,740.34
1696,124,2026-01-11,633.48
1697,300,2026-01-11,1586.8400000000001
1698,249,2026-01-11,2035.2499999999998
1699,5,2026-01-11,5647.5199999999995
1700,280,2026-01-11,4159.18
1701,115,2026-01-11,4266.92
1702,43,2026-01-11,219.7
1703,183,2026-01-11,2774.3099999999995
1704,286,2026-01-11,3867.0499999999997
1705,42,2026-01-11,1143.32
1706,7,2026-01-11,1871.6799999999998
1707,216,2026-01-11,3271.2999999999997
1708,54,2026-01-11,3201.22
1709,231,2026-01-11,4340.09
1710,295,2026-01-11,3546.6099999999997
1711,288,2026-01-11,447.0
1712,189,2026-01-11,1842.55
1713,123,2026-01-11,1701.57
1714,231,2026-01-11,2765.69
1715,46,2026-01-11,2610.3
1716,99,2026-01-11,1601.4
1717,14,2026-01-11,6385.8
1718,299,2026-01-11,121.5
1719,212,2026-01-11,5339.12
1720,102,2026-01-11,607.5899999999999
1721,167,2026-01-11,925.17
1722,239,2026-01-11,1187.76
1723,10,2026-01-11,1387.13
1724,35,2026-01-11,750.65
1725,282,2026-01-11,5593.4800000000005
1726,84,2026-01-11,234.66
1727,27,2026-01-11,3888.74
1728,67,2026-01-11,2870.96
1729,40,2026-01-11,6022.17
1730,241,2026-01-11,757.74
1731,137,2026-01-11,406.5
1732,270,2026-01-11,4163.51
1733,223,2026-01-11,1904.7699999999998
1734,156,2026-01-11,2186.4500000000003
1735,19,2026-01-11,1925.0700000000002
1736,45,2026-01-11,4927.05
1737,162,2026-01-11,2146.22
1738,81,2026-01-11,1633.55
1739,69,2026-01-11,1360.3
1740,58,2026-01-11,297.8
1741,104,2026-01-11,6364.9800000000005
1742,128,2026-01-11,2276.34
1743,128,2026-01-11,166.93
1744,13,2026-01-11,3433.6800000000003
1745,205,2026-01-11,948.04
1746,116,2026-01-11,5653.4400000000005
1747,174,2026-01-11,7175.039999999999
1748,228,2026-01-11,2147.69
1749,155,2026-01-11,3170.9800000000005
1750,22,2026-01-11,198.28
1751,207,2026-01-11,3933.4800000000005
1752,23,2026-01-11,3184.26
1753,146,2026-01-11,3000.54
1754,270,2026-01-11,4675.400000000001
1755,60,2026-01-11,4903.719999999999
1756,190,2026-01-11,666.96
1757,270,2026-01-11,341.9
1758,49,2026-01-11,3166.2
1759,100,2026-01-11,361.98
1760,118,2026-01-11,1863.94
1761,281,2026-01-11,2171.87
1762,226,2026-01-11,4632.3
1763,159,2026-01-11,5737.219999999999
1764,177,2026-01-11,4072.01
1765,59,2026-01-11,5566.25
1766,88,2026-01-11,3722.21
1767,91,2026-01-11,2853.1699999999996
1768,240,2026-01-11,5321.380000000001
1769,220,2026-01-11,3554.3399999999997
1770,246,2026-01-11,780.42
1771,158,2026-01-11,2756.72
1772,15,2026-01-11,1546.8600000000001
1773,238,2026-01-11,1668.4
1774,5,2026-01-11,4154.1900000000005
1775,82,2026-01-11,1204.87
1776,14,2026-01-11,2671.99
1777,141,2026-01-11,6283.49
1778,277,2026-01-11,482.70000000000005
1779,250,2026-01-11,3243.23
1780,235,2026-01-11,172.3
1781,160,2026-01-11,671.26
1782,24,2026-01-11,1353.62
1783,17,2026-01-11,4104.92
1784,113,2026-01-11,4728.07
1785,242,2026-01-11,705.24
1786,136,2026-01-11,646.26
1787,28,2026-01-11,6684.65
1788,189,2026-01-11,5162.0
1789,67,2026-01-11,4446.030000000001
1790,294,2026-01-11,6361.47
1791,266,2026-01-11,4922.56
1792,234,2026-01-11,3931.08
1793,290,2026-01-11,2669.59
1794,183,2026-01-11,2586.71
1795,219,2026-01-11,4653.27
1796,224,2026-01-11,2007.01
1797,242,2026-01-11,1169.4
1798,175,2026-01-11,2924.0
1799,272,2026-01-11,6648.21
1800,77,2026-01-11,1664.9
1801,126,2026-01-11,408.78
1802,273,2026-01-11,5456.55
1803,21,2026-01-11,1633.5
1804,186,2026-01-11,1700.8000000000002
1805,169,2026-01-11,1015.29
1806,48,2026-01-11,2274.08
1807,201,2026-01-11,2599.02
1808,61,2026-01-11,622.18
1809,214,2026-01-11,620.3100000000001
1810,185,2026-01-11,2035.9
1811,16,2026-01-11,1820.6599999999999
1812,229,2026-01-11,1544.39
1813,270,2026-01-11,1191.28
1814,19,2026-01-11,4480.8099999999995
1815,280,2026-01-11,1928.65
1816,292,2026-01-11,5044.759999999999
1817,123,2026-01-11,627.9100000000001
1818,46,2026-01-11,5974.11
1819,180,2026-01-11,3657.16
1820,280,2026-01-11,2546.85
1821,60,2026-01-11,4235.01
1822,292,2026-01-11,3148.99
1823,203,2026-01-11,4915.3
1824,150,2026-01-11,2291.71
1825,193,2026-01-11,3491.86
1826,129,2026-01-11,4736.320000000001
1827,232,2026-01-11,4065.5
1828,169,2026-01-11,7305.09
1829,149,2026-01-11,2161.83
1830,218,2026-01-11,638.91
1831,103,2026-01-11,376.33
1832,20,2026-01-11,309.72
1833,214,2026-01-11,105.45
1834,5,2026-01-11,7790.860000000001
1835,60,2026-01-11,5535.31
1836,132,2026-01-11,1731.4299999999998
1837,68,2026-01-11,4701.56
1838,43,2026-01-11,2156.48
1839,240,2026-01-11,5599.27
1840,64,2026-01-11,3302.1000000000004
1841,203,2026-01-11,3491.8600000000006
1842,87,2026-01-11,416.39
1843,257,2026-01-11,9320.5
1844,259,2026-01-11,151.23000000000002
1845,55,2026-01-11,3566.16
1846,291,2026-01-11,4045.4499999999994
1847,42,2026-01-11,1471.08
1848,192,2026-01-11,3669.12
1849,294,2026-01-11,4157.4
1850,259,2026-01-11,3393.7200000000003
1851,169,2026-01-11,3002.46
1852,291,2026-01-11,2640.4900000000002
1853,88,2026-01-11,294.12
1854,104,2026-01-11,4539.2699999999995
1855,194,2026-01-11,1605.2099999999998
1856,185,2026-01-11,375.34
1857,139,2026-01-11,1892.7799999999997
1858,244,2026-01-11,4815.459999999999
1859,268,2026-01-11,874.04
1860,143,2026-01-11,2835.22
1861,243,2026-01-11,4563.64
1862,101,2026-01-11,3089.88
1863,217,2026-01-11,1029.6399999999999
1864,193,2026-01-11,2591.41
1865,216,2026-01-11,1507.64
1866,183,2026-01-11,7595.32
1867,143,2026-01-11,1568.4699999999998
1868,164,2026-01-11,3991.3900000000003
1869,16,2026-01-11,3630.8700000000003
1870,142,2026-01-11,1283.73
1871,269,2026-01-11,5980.659999999999
1872,217,2026-01-11,7310.290000000001
1873,211,2026-01-11,2114.31
1874,277,2026-01-11,705.8900000000001
1875,112,2026-01-11,3358.13
1876,114,2026-01-11,2931.19
1877,298,2026-01-11,271.1
1878,46,2026-01-11,2201.56
1879,82,2026-01-11,836.8
1880,252,2026-01-11,3720.04
1881,25,2026-01-11,683.65
1882,2,2026-01-11,1469.3700000000001
1883,122,2026-01-11,4790.71
1884,85,2026-01-11,5886.36
1885,158,2026-01-11,3589.38
1886,22,2026-01-11,2645.58
1887,122,2026-01-11,2278.86
1888,30,2026-01-11,5477.67
1889,56,2026-01-11,3529.41
1890,121,2026-01-11,2941.0499999999997
1891,65,2026-01-11,592.96
1892,162,2026-01-11,1811.9099999999999
1893,266,2026-01-11,653.76
1894,229,2026-01-11,675.49
1895,78,2026-01-11,2550.7000000000003
1896,24,2026-01-11,4464.48
1897,122,2026-01-11,3960.4100000000003
1898,228,2026-01-11,1787.35
1899,248,2026-01-11,2139.2
1900,11,2026-01-11,3653.77
1901,44,2026-01-11,2880.67
1902,36,2026-01-11,3721.6499999999996
1903,192,2026-01-11,4722.41
1904,19,2026-01-11,2244.4
1905,35,2026-01-11,904.32
1906,121,2026-01-11,165.99
1907,260,2026-01-11,2010.09
1908,217,2026-01-11,3303.03
1909,279,2026-01-11,1274.12
1910,124,2026-01-11,3046.4500000000003
1911,269,2026-01-11,1704.48
1912,2,2026-01-11,1106.01
1913,178,2026-01-11,2694.76
1914,3,2026-01-11,2472.3599999999997
1915,5,2026-01-11,6586.6
1916,6,2026-01-11,2872.33
1917,262,2026-01-11,2923.3
1918,222,2026-01-11,812.6999999999999
1919,21,2026-01-11,3300.55
1920,226,2026-01-11,4666.889999999999
1921,213,2026-01-11,1645.16
1922,131,2026-01-11,3364.41
1923,214,2026-01-11,2399.09
1924,299,2026-01-11,1045.25
1925,192,2026-01-11,3470.5
1926,43,2026-01-11,935.3100000000001
1927,270,2026-01-11,1689.6
1928,44,2026-01-11,1306.56
1929,113,2026-01-11,2264.35
1930,116,2026-01-11,1957.28
1931,67,2026-01-11,3013.7
1932,56,2026-01-11,480.98
1933,159,2026-01-11,3056.8
1934,18,2026-01-11,2174.7299999999996
1935,54,2026-01-11,2882.83
1936,200,2026-01-11,2933.48
1937,3,2026-01-11,677.72
1938,101,2026-01-11,1300.08
1939,282,2026-01-11,2846.84
1940,171,2026-01-11,2210.41
1941,123,2026-01-11,2001.0499999999997
1942,65,2026-01-11,3070.0899999999997
1943,66,2026-01-11,7439.460000000001
1944,151,2026-01-11,3846.4
1945,63,2026-01-11,581.74
1946,125,2026-01-11,3063.87
1947,109,2026-01-11,2948.4399999999996
1948,179,2026-01-11,4340.95
1949,193,2026-01-11,366.26
1950,94,2026-01-11,4835.04
1951,69,2026-01-11,3962.08
1952,6,2026-01-11,736.7
1953,83,2026-01-11,2234.34
1954,107,2026-01-11,6308.14
1955,296,2026-01-11,4137.92
1956,178,2026-01-11,3752.9900000000002
1957,264,2026-01-11,1307.3700000000001
1958,129,2026-01-11,1045.83
1959,220,2026-01-11,2292.3
1960,157,2026-01-11,2543.41
1961,49,2026-01-11,7789.17
1962,143,2026-01-11,2532.05
1963,39,2026-01-11,570.71
1964,228,2026-01-11,728.47
1965,249,2026-01-11,2790.0699999999997
1966,170,2026-01-11,3007.02
1967,225,2026-01-11,1141.53
1968,97,2026-01-11,4050.62
1969,120,2026-01-11,3280.04
1970,181,2026-01-11,6205.069999999999
1971,181,2026-01-11,1819.52
1972,211,2026-01-11,2749.55
1973,237,2026-01-11,1411.84
1974,95,2026-01-11,1191.34
1975,256,2026-01-11,3976.42
1976,23,2026-01-11,4520.07
1977,283,2026-01-11,1979.49
1978,181,2026-01-11,1836.52
1979,211,2026-01-11,5160.05
1980,90,2026-01-11,4264.08
1981,289,2026-01-11,1585.8600000000001
1982,165,2026-01-11,815.1600000000001
1983,214,2026-01-11,3354.91
1984,74,2026-01-11,1204.14
1985,271,2026-01-11,1607.73
1986,76,2026-01-11,4115.92
1987,2,2026-01-11,5213.5599999999995
1988,160,2026-01-11,541.48
1989,260,2026-01-11,4132.129999999999
1990,24,2026-01-11,6548.43
1991,156,2026-01-11,3782.76
1992,132,2026-01-11,4881.3
1993,91,2026-01-11,2710.08
1994,17,2026-01-11,3351.92
1995,115,2026-01-11,3276.4199999999996
1996,161,2026-01-11,3628.23
1997,127,2026-01-11,1005.8
1998,76,2026-01-11,6901.620000000001
1999,234,2026-01-11,4556.7
2000,148,2026-01-11,1866.4
